Year;RGIID;BREID;DateMinPrevYear;DateMax;DateMin;Area;Bw;Bs;Ba;Bcalv
1978;NA;26;;01.05.1978;01.10.1978;2.73;2.30;-2.40;-0.10;
1979;NA;26;01.10.1978;01.05.1979;;2.73;2.10;NA;NA;
1989;RGI60-08.01258;54;;24.05.1989;19.10.1989;3.621;2.38;-2.98;-0.60;
1990;RGI60-08.01258;54;19.10.1989;24.05.1990;05.09.1990;3.621;2.60;-2.98;-0.38;
1991;RGI60-08.01258;54;05.09.1990;14.05.1991;04.10.1991;3.621;2.25;-2.29;-0.04;
1992;RGI60-08.01258;54;04.10.1991;03.06.1992;22.09.1992;3.621;2.58;-2.37;0.22;
1993;RGI60-08.01258;54;22.09.1992;15.05.1993;22.09.1993;3.621;2.49;-2.34;0.15;
1996;RGI60-08.01258;54;;24.05.1996;16.10.1996;3.621;2.23;-2.24;-0.01;
1997;RGI60-08.01258;54;16.10.1996;10.06.1997;02.10.1997;3.621;2.76;-3.43;-0.66;
1998;RGI60-08.01258;54;02.10.1997;02.06.1998;01.10.1998;3.621;1.80;-3.27;-1.47;
1999;RGI60-08.01258;54;01.10.1998;25.05.1999;25.09.1999;3.621;1.33;-3.02;-1.68;
2000;RGI60-08.01258;54;25.09.1999;23.05.2000;11.10.2000;3.621;2.53;-3.05;-0.52;
2001;RGI60-08.01258;54;11.10.2000;06.06.2001;07.10.2001;3.621;1.46;-3.64;-2.18;
2002;RGI60-08.01258;54;07.10.2001;24.05.2002;12.10.2002;3.216;2.36;-3.67;-1.31;
2003;RGI60-08.01258;54;02.10.2002;24.05.2003;02.10.2003;3.216;2.44;-3.39;-0.95;
2004;RGI60-08.01258;54;02.10.2003;29.04.2004;04.10.2004;3.216;1.81;-3.50;-1.69;
2005;RGI60-08.01258;54;04.10.2004;26.05.2005;26.10.2005;3.216;1.95;-2.97;-1.02;
2006;RGI60-08.01258;54;26.10.2005;25.04.2006;06.10.2006;3.216;1.39;-3.59;-2.20;
2007;RGI60-08.01258;54;06.10.2006;22.05.2007;03.11.2007;3.216;2.15;-2.79;-0.64;
2008;RGI60-08.01258;54;03.11.2007;22.05.2008;16.10.2008;3.216;1.58;-2.01;-0.43;
2009;RGI60-08.01258;54;16.10.2008;07.05.2009;07.10.2009;3.216;1.93;-3.25;-1.31;
2010;RGI60-08.01258;54;07.10.2009;19.05.2010;23.09.2010;3.216;1.89;-2.64;-0.75;
2011;RGI60-08.01258;54;23.09.2010;11.05.2011;20.09.2011;3.216;2.30;-3.55;-1.26;
2012;RGI60-08.01258;54;20.09.2011;19.04.2012;25.09.2012;3.216;1.37;-2.13;-0.76;
2013;RGI60-08.01258;54;25.09.2012;14.05.2013;07.11.2013;3.216;2.08;-4.69;-2.62;
2014;RGI60-08.01258;54;07.11.2013;09.05.2014;24.09.2014;2.607;2.39;-2.95;-0.56;
2015;RGI60-08.01258;54;24.09.2014;08.05.2015;23.09.2015;2.607;1.92;-2.57;-0.65;
2016;RGI60-08.01258;54;23.09.2015;23.05.2016;22.09.2016;2.607;1.72;-3.23;-1.51;
2017;RGI60-08.01258;54;22.09.2016;25.04.2017;29.09.2017;2.607;2.12;-2.15;-0.03;
2018;RGI60-08.01258;54;29.09.2017;10.05.2018;12.10.2018;2.607;1.54;-3.67;-2.13;
2019;RGI60-08.01258;54;12.10.2018;23.05.2019;27.09.2019;2.607;2.51;-2.89;-0.38;
2020;RGI60-08.01258;54;27.09.2019;26.05.2020;29.09.2020;2.607;2.74;-2.76;-0.02;
2021;RGI60-08.01258;54;29.09.2020;04.05.2021;18.09.2021;2.607;2.20;-2.40;-0.20;
2022;RGI60-08.01258;54;18.09.2021;20.05.2022;29.09.2022;2.607;2.65;-4.56;-1.91;
1963;RGI60-08.02436;596;;09.06.1963;03.10.1963;2.181;2.42;-2.36;0.06;
1964;RGI60-08.02436;596;03.10.1963;29.05.1964;09.09.1964;2.181;2.16;-1.73;0.43;
1965;RGI60-08.02436;596;09.09.1964;25.04.1965;23.09.1965;2.181;2.00;-1.42;0.58;
1966;RGI60-08.02436;596;23.09.1965;23.05.1966;20.10.1966;2.181;1.07;-2.33;-1.26;
1967;RGI60-08.02436;596;20.10.1966;20.05.1967;24.10.1967;2.181;1.37;-2.33;-0.96;
1968;RGI60-08.02436;596;24.10.1967;08.05.1968;28.08.1968;2.181;1.62;-1.36;0.26;
1964;RGI60-08.02458;675;;24.05.1964;01.09.1964;6.193;1.82;-1.20;0.62;
1965;RGI60-08.02458;675;01.09.1964;23.04.1965;22.09.1965;6.193;1.58;-1.30;0.28;
1966;RGI60-08.02458;675;22.09.1965;19.05.1966;01.12.1966;6.193;1.02;-1.88;-0.86;
1967;RGI60-08.02458;675;01.12.1966;23.05.1967;21.10.1967;6.193;1.33;-1.71;-0.38;
1968;RGI60-08.02458;675;21.10.1967;12.05.1968;30.08.1968;6.193;1.44;-0.99;0.45;
1991;RGI60-08.02458;675;;15.05.1991;07.10.1991;5.907;1.57;-1.65;-0.08;
1992;RGI60-08.02458;675;07.10.1991;11.05.1992;10.09.1992;5.907;2.26;-1.13;1.12;
1993;RGI60-08.02458;675;10.09.1992;11.05.1993;25.09.1993;5.907;2.15;-1.34;0.80;
1994;RGI60-08.02458;675;25.09.1993;11.05.1994;17.09.1994;5.907;1.13;-1.30;-0.18;
1995;RGI60-08.02458;675;17.09.1994;10.05.1995;13.09.1995;5.907;1.76;-1.28;0.48;
1965;RGI60-08.01026;703;06.09.1964;22.04.1965;22.09.1965;0.693;1.36;-1.18;0.18;
1966;RGI60-08.01026;703;22.09.1965;21.05.1966;12.08.1966;0.693;1.11;-2.11;-1.00;
1967;RGI60-08.01026;703;12.08.1966;19.05.1967;30.10.1967;0.693;1.55;-1.75;-0.20;
1968;RGI60-08.01026;703;30.10.1967;14.05.1968;08.09.1968;0.693;1.32;-1.03;0.29;
2002;RGI60-08.02384;941;;22.05.2002;18.09.2002;11.714;2.01;-3.20;-1.19;
2003;RGI60-08.02384;941;18.09.2002;19.05.2003;29.09.2003;11.714;1.84;-3.05;-1.21;
2004;RGI60-08.02384;941;29.09.2003;21.04.2004;04.10.2004;11.714;1.92;-2.15;-0.23;
2011;RGI60-08.02384;941;;10.05.2011;26.10.2011;10.936;1.74;-3.32;-1.58;
2012;RGI60-08.02384;941;26.10.2011;07.06.2012;25.09.2012;10.936;2.04;-1.40;0.64;
2013;RGI60-08.02384;941;25.09.2012;14.05.2013;27.09.2013;10.936;1.47;-3.90;-2.43;
2014;RGI60-08.02384;941;27.09.2013;15.05.2014;23.09.2014;10.936;1.80;-2.59;-0.79;
2015;RGI60-08.02384;941;23.09.2014;19.05.2015;07.10.2015;10.846;2.12;-2.14;-0.02;
2016;RGI60-08.02384;941;07.10.2015;26.05.2016;22.09.2016;10.846;1.52;-2.01;-0.50;
2017;RGI60-08.02384;941;22.09.2016;09.05.2017;27.09.2017;10.846;2.01;-1.57;0.44;
1954;NA;1052;29.09.1953;10.05.1954;16.09.1954;1.63;2.30;-3.50;-1.20;
1955;NA;1052;16.09.1954;13.05.1955;14.09.1955;1.63;2.60;-2.70;-0.10;
1956;NA;1052;14.09.1955;09.04.1956;08.09.1956;1.63;1.50;-2.10;-0.60;
1985;NA;1084;;09.05.1985;14.11.1985;4.92;1.47;-3.20;-1.73;
1986;NA;1084;14.11.1985;02.06.1986;29.10.1986;4.92;2.40;-2.84;-0.44;
1985;RGI60-08.00287;1092;;10.05.1985;14.11.1985;59.16;1.40;-2.59;-1.18;-7.2
1986;RGI60-08.00287;1092;14.11.1985;27.05.1986;29.10.1986;59.16;2.45;-2.87;-0.42;-7.2
1987;RGI60-08.00287;1092;29.10.1986;22.05.1987;17.09.1987;59.16;2.32;-1.87;0.45;-7.2
1988;RGI60-08.00287;1092;17.09.1987;29.05.1988;18.10.1988;59.16;2.06;-3.88;-1.81;-7.2
2000;RGI60-08.00287;1092;01.10.1999;23.05.2000;21.09.2000;62.43;2.64;-1.56;1.09;-7.2
2001;RGI60-08.00287;1092;21.09.2000;23.05.2001;24.09.2001;62.43;1.15;-2.91;-1.76;-7.2
2002;RGI60-08.00287;1092;24.09.2001;26.05.2002;26.09.2002;62.43;2.33;-3.58;-1.25;-7.2
2003;RGI60-08.00287;1092;26.09.2002;20.05.2003;28.09.2003;62.43;2.18;-3.28;-1.10;-7.2
2004;RGI60-08.00287;1092;28.09.2003;28.05.2004;16.10.2004;62.43;2.26;-2.14;0.12;-7.2
2005;RGI60-08.00287;1092;16.10.2004;23.05.2005;28.09.2005;62.43;2.74;-2.41;0.33;-7.2
1954;NA;1093;25.10.1953;01.05.1954;31.08.1954;3.909;1.86;-2.56;-0.70;
1955;NA;1093;31.08.1954;01.05.1955;20.09.1955;3.909;1.89;-2.59;-0.70;
1956;NA;1093;20.09.1955;05.04.1956;14.08.1956;3.909;1.00;-1.00;0.00;
1970;RGI60-08.01657;1094;08.09.1969;07.05.1970;08.09.1970;37.512;1.77;-3.04;-1.27;
1971;RGI60-08.01657;1094;08.09.1970;27.05.1971;09.09.1971;37.512;2.95;-2.21;0.74;
1972;RGI60-08.01657;1094;09.09.1971;03.05.1972;22.10.1972;37.512;2.94;-3.52;-0.57;
1973;RGI60-08.01657;1094;22.10.1972;17.05.1973;31.08.1973;37.512;3.84;-1.91;1.93;
1974;RGI60-08.01657;1094;31.08.1973;20.05.1974;05.10.1974;37.512;3.12;-2.66;0.45;
1975;RGI60-08.01657;1094;05.10.1974;26.05.1975;01.10.1975;37.512;2.67;-1.68;0.99;
1976;RGI60-08.01657;1094;01.10.1975;20.05.1976;04.09.1976;37.512;3.40;-1.60;1.80;
1977;RGI60-08.01657;1094;04.09.1976;10.05.1977;01.09.1977;37.512;1.91;-1.58;0.33;
1978;RGI60-08.01657;1094;01.09.1977;27.05.1978;01.09.1978;37.512;1.92;-3.18;-1.26;
1979;RGI60-08.01657;1094;01.09.1978;23.05.1979;11.09.1979;37.512;3.12;-3.31;-0.20;
1980;RGI60-08.01657;1094;11.09.1979;10.05.1980;02.09.1980;37.512;2.41;-3.34;-0.93;
1981;RGI60-08.01657;1094;02.09.1980;14.05.1981;27.11.1981;37.512;2.54;-2.51;0.04;
1982;RGI60-08.01657;1094;27.11.1981;10.05.1982;09.10.1982;37.512;2.04;-1.62;0.41;
1983;RGI60-08.01657;1094;09.10.1982;01.06.1983;01.10.1983;37.512;1.98;-1.53;0.45;
1984;RGI60-08.01657;1094;01.10.1983;21.05.1984;21.09.1984;37.512;3.55;-2.75;0.80;
1985;RGI60-08.01657;1094;21.09.1984;09.05.1985;14.11.1985;37.255;1.24;-2.86;-1.62;
1986;RGI60-08.01657;1094;14.11.1985;26.05.1986;29.10.1986;37.255;2.50;-2.72;-0.22;
1987;RGI60-08.01657;1094;29.10.1986;21.05.1987;17.09.1987;37.255;2.32;-1.88;0.44;
1988;RGI60-08.01657;1094;19.09.1987;29.05.1988;19.09.1988;37.255;2.06;-3.79;-1.74;
1989;RGI60-08.01657;1094;19.09.1988;22.05.1989;05.10.1989;37.255;4.11;-1.97;2.14;
1990;RGI60-08.01657;1094;05.10.1989;14.05.1990;31.08.1990;37.255;3.20;-2.91;0.28;
1991;RGI60-08.01657;1094;31.08.1990;16.05.1991;30.09.1991;37.255;2.42;-2.12;0.30;
1992;RGI60-08.01657;1094;30.09.1991;24.05.1992;13.09.1992;37.255;3.78;-2.44;1.34;
1993;RGI60-08.01657;1094;13.09.1992;08.05.1993;23.09.1993;37.255;2.84;-2.14;0.69;
1994;RGI60-08.01657;1094;23.09.1993;13.05.1994;16.09.1994;37.255;1.60;-1.64;-0.04;
1995;RGI60-08.01657;1094;16.09.1994;29.04.1995;15.09.1995;37.255;3.17;-1.95;1.22;
1996;RGI60-08.01657;1094;15.09.1995;21.05.1996;19.09.1996;37.255;2.78;-2.48;0.30;
1997;RGI60-08.01657;1094;19.09.1996;10.05.1997;10.10.1997;37.255;4.15;-3.64;0.51;
1998;RGI60-08.01657;1094;10.10.1997;28.05.1998;29.09.1998;37.255;2.66;-3.03;-0.37;
1999;RGI60-08.01657;1094;29.09.1998;21.05.1999;22.09.1999;37.255;1.88;-2.49;-0.61;
2000;RGI60-08.01657;1094;22.09.1999;25.05.2000;21.09.2000;37.255;2.49;-1.88;0.61;
2001;RGI60-08.01657;1094;21.09.2000;26.05.2001;26.09.2001;37.255;1.38;-2.98;-1.59;
2002;RGI60-08.01657;1094;26.09.2001;26.05.2002;26.09.2002;37.255;2.66;-3.69;-1.02;
2003;RGI60-08.01657;1094;26.09.2002;20.05.2003;28.09.2003;37.255;2.19;-3.28;-1.09;
2004;RGI60-08.01657;1094;28.09.2003;26.05.2004;16.10.2004;37.255;2.65;-2.46;0.18;
2005;RGI60-08.01657;1094;16.10.2004;24.05.2005;29.09.2005;36.839;3.03;-2.55;0.48;
2006;RGI60-08.01657;1094;29.09.2005;13.06.2006;04.10.2006;36.839;1.57;-3.41;-1.84;
2007;RGI60-08.01657;1094;04.10.2006;01.06.2007;13.11.2007;36.839;3.14;-2.47;0.68;
2008;RGI60-08.01657;1094;13.11.2007;15.05.2008;03.10.2008;36.839;2.58;-2.71;-0.14;
2009;RGI60-08.01657;1094;03.10.2008;14.05.2009;20.10.2009;36.839;2.88;-2.95;-0.07;
2010;RGI60-08.01657;1094;20.10.2009;27.05.2010;28.09.2010;36.839;2.00;-2.75;-0.75;
2011;RGI60-08.01657;1094;28.09.2010;10.05.2011;04.11.2011;36.839;2.84;-3.81;-0.97;
2012;RGI60-08.01657;1094;04.11.2011;01.06.2012;25.09.2012;36.839;3.16;-2.09;1.07;
2013;RGI60-08.01657;1094;25.09.2012;22.05.2013;21.10.2013;36.249;2.30;-4.12;-1.82;
2014;RGI60-08.01657;1094;21.10.2013;13.05.2014;13.10.2014;36.249;2.59;-3.48;-0.89;
2015;RGI60-08.01657;1094;14.10.2014;19.06.2015;27.10.2015;36.249;3.27;-2.61;0.65;
2016;RGI60-08.01657;1094;27.10.2015;26.05.2016;18.10.2016;36.249;2.66;-2.88;-0.23;
2017;RGI60-08.01657;1094;18.10.2016;30.05.2017;21.11.2017;36.249;3.67;-2.42;1.25;
2018;RGI60-08.01657;1094;21.11.2017;15.05.2018;26.10.2018;36.249;1.75;-3.38;-1.63;
2019;RGI60-08.01657;1094;26.10.2018;21.05.2019;27.09.2019;36.249;3.45;-2.66;0.79;
2020;RGI60-08.01657;1094;27.09.2019;10.06.2020;01.10.2020;36.249;3.72;-2.55;1.17;
2021;RGI60-08.01657;1094;01.10.2020;26.05.2021;23.10.2021;35.96;2.88;-3.38;-0.50;
2022;RGI60-08.01657;1094;23.10.2021;08.06.2022;01.10.2022;35.96;3.46;-3.31;0.14;
1988;RGI60-08.01598;1135;12.09.1987;25.05.1988;18.10.1988;5.505;2.36;-3.95;-1.59;
1989;RGI60-08.01598;1135;18.10.1988;21.05.1989;05.10.1989;5.505;3.78;-1.92;1.86;
1990;RGI60-08.01598;1135;05.10.1989;12.05.1990;29.09.1990;5.505;3.79;-3.32;0.47;
1991;RGI60-08.01598;1135;29.09.1990;20.05.1991;30.09.1991;5.534;2.61;-2.57;0.04;
1992;RGI60-08.01598;1135;30.09.1991;27.05.1992;12.09.1992;5.534;3.70;-2.59;1.12;
1993;RGI60-08.01598;1135;12.09.1992;05.05.1993;29.09.1993;5.534;3.38;-2.44;0.95;
1994;RGI60-08.01598;1135;29.09.1993;12.05.1994;15.09.1994;5.534;1.79;-2.04;-0.25;
1971;RGI60-08.00295;1144;;15.05.1971;19.11.1971;2.564;3.00;-3.77;-0.77;
1972;RGI60-08.00295;1144;19.11.1971;22.04.1972;22.09.1972;2.564;3.29;-4.37;-1.08;
1973;RGI60-08.00295;1144;22.09.1972;06.05.1973;07.10.1973;2.564;3.96;-2.86;1.10;
1974;RGI60-08.00295;1144;07.10.1973;05.05.1974;10.10.1974;2.564;3.42;-3.73;-0.31;
1975;RGI60-08.00295;1144;10.10.1974;01.06.1975;06.09.1975;2.564;2.95;-2.18;0.77;
1976;RGI60-08.00295;1144;06.09.1975;10.05.1976;09.09.1976;2.564;3.65;-2.82;0.83;
1977;RGI60-08.00295;1144;09.09.1976;30.04.1977;30.09.1977;2.564;2.20;-2.72;-0.52;
1970;RGI60-08.01484;1280;01.07.1969;21.05.1970;31.08.1970;1.991;1.77;-3.97;-2.21;
1971;RGI60-08.01484;1280;31.08.1970;10.05.1971;09.11.1971;1.991;2.12;-2.35;-0.24;
1972;RGI60-08.01484;1280;09.11.1971;29.04.1972;14.09.1972;1.991;2.44;-3.67;-1.24;
1973;RGI60-08.01484;1280;14.09.1972;27.05.1973;18.10.1973;1.991;3.26;-2.42;0.84;
1974;RGI60-08.01484;1280;18.10.1973;11.05.1974;28.09.1974;1.991;2.71;-2.87;-0.17;
1975;RGI60-08.01484;1280;28.09.1974;01.05.1975;01.09.1975;1.991;NA;NA;0.01;
1990;RGI60-08.01484;1280;;13.05.1990;31.08.1990;1.695;2.98;-3.16;-0.18;
1991;RGI60-08.01484;1280;31.08.1990;24.05.1991;30.09.1991;1.695;2.27;-2.41;-0.14;
1992;RGI60-08.01484;1280;30.09.1991;28.05.1992;12.09.1992;1.794;2.65;-1.96;0.69;
1993;RGI60-08.01484;1280;12.09.1992;07.05.1993;25.09.1993;1.794;2.38;-2.25;0.13;
1994;RGI60-08.01484;1280;25.09.1993;12.05.1994;16.09.1994;1.794;1.52;-2.42;-0.90;
1970;NA;1434;;01.05.1970;01.09.1970;1.1;NA;NA;-1.90;
1971;NA;1434;01.09.1970;01.05.1971;01.09.1971;1.1;NA;NA;0.47;
1972;NA;1434;01.09.1971;01.05.1972;01.09.1972;1.1;NA;NA;-1.04;
1973;NA;1434;01.09.1972;01.05.1973;01.09.1973;1.1;NA;NA;1.44;
1987;NA;1438;19.09.1986;24.05.1987;15.09.1987;14.01;2.26;-1.55;0.72;
1988;NA;1438;15.09.1987;22.05.1988;12.09.1988;14.01;1.46;-3.39;-1.93;
1989;NA;1438;12.09.1988;31.05.1989;17.09.1989;14.01;3.73;-2.17;1.56;
1990;NA;1438;17.09.1989;06.05.1990;15.09.1990;14.01;2.99;-2.70;0.29;
1991;NA;1438;15.09.1990;27.04.1991;11.09.1991;14.01;1.78;-2.30;-0.52;
1992;NA;1438;11.09.1991;05.05.1992;13.09.1992;14.01;2.88;-1.65;1.23;
1993;NA;1438;13.09.1992;03.05.1993;19.09.1993;14.01;2.20;-2.01;0.19;
1994;NA;1438;19.09.1993;05.05.1994;18.09.1994;14.01;1.45;-1.62;-0.17;
1995;NA;1438;18.09.1994;03.05.1995;17.09.1995;14.01;2.25;-1.79;0.46;
1996;NA;1438;17.09.1995;06.05.1996;17.09.1996;14.01;1.62;-1.92;-0.30;
1963;RGI60-08.02666;2078;10.11.1962;23.05.1963;22.10.1963;4.486;2.52;-3.21;-0.70;
1964;RGI60-08.02666;2078;22.10.1963;28.04.1964;04.11.1964;4.486;2.66;-2.38;0.28;
1965;RGI60-08.02666;2078;04.11.1964;28.05.1965;22.10.1965;4.486;3.75;-3.07;0.68;
1966;RGI60-08.02666;2078;22.10.1965;09.04.1966;18.11.1966;4.486;2.40;-3.93;-1.53;
1967;RGI60-08.02666;2078;18.11.1966;29.04.1967;10.12.1967;4.486;4.43;-3.12;1.30;
1968;RGI60-08.02666;2078;10.12.1967;29.04.1968;01.10.1968;4.486;4.65;-3.64;1.01;
1969;RGI60-08.02666;2078;01.10.1968;26.03.1969;16.11.1969;4.486;2.58;-4.92;-2.34;
1970;RGI60-08.02666;2078;16.11.1969;08.05.1970;11.10.1970;4.486;2.65;-3.78;-1.13;
1971;RGI60-08.02666;2078;11.10.1970;21.05.1971;24.11.1971;4.486;4.14;-3.31;0.83;
1972;RGI60-08.02666;2078;24.11.1971;16.04.1972;28.11.1972;4.486;3.78;-3.74;0.04;
1973;RGI60-08.02666;2078;28.11.1972;07.04.1973;20.11.1973;4.486;4.57;-2.56;2.01;
1974;RGI60-08.02666;2078;20.11.1973;07.03.1974;20.09.1974;4.486;3.49;-2.63;0.85;
1975;RGI60-08.02666;2078;20.09.1974;20.04.1975;09.10.1975;4.486;4.32;-3.50;0.82;
1976;RGI60-08.02666;2078;09.10.1975;05.05.1976;15.10.1976;4.486;4.37;-3.06;1.31;
1977;RGI60-08.02666;2078;15.10.1976;21.04.1977;30.10.1977;4.486;2.31;-2.94;-0.63;
1978;RGI60-08.02666;2078;30.10.1977;15.04.1978;12.10.1978;4.176;2.46;-3.08;-0.62;
1979;RGI60-08.02666;2078;12.10.1978;24.04.1979;22.10.1979;4.176;3.20;-3.36;-0.15;
1980;RGI60-08.02666;2078;22.10.1979;16.04.1980;06.12.1980;4.176;2.48;-3.21;-0.73;
1981;RGI60-08.02666;2078;06.12.1980;02.05.1981;10.10.1981;4.176;4.04;-3.81;0.24;
1982;RGI60-08.02666;2078;10.10.1981;20.04.1982;07.10.1982;4.176;3.30;-3.31;-0.01;
1983;RGI60-08.02666;2078;07.10.1982;27.04.1983;02.10.1983;4.176;4.61;-3.23;1.38;
1984;RGI60-08.02666;2078;02.10.1983;06.04.1984;26.10.1984;4.176;4.22;-2.85;1.38;
1985;RGI60-08.02666;2078;26.10.1984;11.04.1985;14.11.1985;4.176;2.48;-2.98;-0.50;
1986;RGI60-08.02666;2078;14.11.1985;16.04.1986;22.11.1986;4.176;2.34;-2.95;-0.61;
1987;RGI60-08.02666;2078;22.11.1986;26.04.1987;08.10.1987;4.176;4.45;-2.38;2.07;
1988;RGI60-08.02666;2078;08.10.1987;21.04.1988;22.10.1988;4.176;2.69;-5.18;-2.50;
1989;RGI60-08.02666;2078;22.10.1988;16.04.1989;28.10.1989;4.176;5.29;-2.95;2.34;
1990;RGI60-08.02666;2078;28.10.1989;23.04.1990;20.10.1990;4.176;5.96;-4.19;1.76;
1991;RGI60-08.02666;2078;20.10.1990;14.04.1991;27.10.1991;4.176;3.44;-2.87;0.57;
1992;RGI60-08.02666;2078;27.10.1991;24.04.1992;28.10.1992;4.176;5.48;-3.08;2.39;
1993;RGI60-08.02666;2078;28.10.1992;24.04.1993;15.10.1993;4.479;4.69;-2.82;1.87;
1994;RGI60-08.02666;2078;15.10.1993;27.04.1994;20.10.1994;4.479;3.72;-2.92;0.80;
1995;RGI60-08.02666;2078;20.10.1994;27.04.1995;04.11.1995;4.479;5.14;-3.91;1.23;
1996;RGI60-08.02666;2078;04.11.1995;02.05.1996;23.09.1996;4.479;1.87;-3.82;-1.94;
1997;RGI60-08.02666;2078;23.09.1996;28.04.1997;20.11.1997;4.479;4.09;-4.25;-0.16;
1998;RGI60-08.02666;2078;20.11.1997;13.05.1998;02.10.1998;4.479;3.37;-3.81;-0.45;
1999;RGI60-08.02666;2078;02.10.1998;07.05.1999;15.10.1999;4.479;4.34;-4.67;-0.34;
2000;RGI60-08.02666;2078;15.10.1999;02.05.2000;08.11.2000;4.479;4.92;-3.75;1.17;
2001;RGI60-08.02666;2078;08.11.2000;28.04.2001;18.10.2001;4.479;1.77;-4.26;-2.49;
2002;RGI60-08.02666;2078;18.10.2001;06.05.2002;05.10.2002;4.479;3.51;-5.55;-2.04;
2003;RGI60-08.02666;2078;05.10.2002;24.04.2003;20.10.2003;4.479;2.27;-5.26;-3.00;
2004;RGI60-08.02666;2078;20.10.2003;12.05.2004;13.10.2004;3.975;3.11;-3.56;-0.45;
2005;RGI60-08.02666;2078;13.10.2004;19.04.2005;16.10.2005;3.975;4.76;-4.40;0.35;
2006;RGI60-08.02666;2078;16.10.2005;05.05.2006;12.10.2006;3.975;2.52;-6.14;-3.62;
2007;RGI60-08.02666;2078;12.10.2006;03.05.2007;05.10.2007;3.975;4.25;-3.35;0.90;
2008;RGI60-08.02666;2078;05.10.2007;21.04.2008;31.10.2008;3.975;4.34;-3.98;0.36;
2009;RGI60-08.02666;2078;31.10.2008;29.04.2009;22.10.2009;3.975;3.62;-4.17;-0.55;
2010;RGI60-08.02666;2078;22.10.2009;06.05.2010;28.09.2010;3.975;2.04;-4.30;-2.26;
2011;RGI60-08.02666;2078;28.09.2010;27.04.2011;13.10.2011;3.975;3.53;-4.38;-0.84;
2012;RGI60-08.02666;2078;13.10.2011;17.04.2012;16.10.2012;3.975;3.87;-2.51;1.36;
2013;RGI60-08.02666;2078;16.10.2012;23.05.2013;25.09.2013;3.975;3.15;-4.06;-0.90;
2014;RGI60-08.02666;2078;25.09.2013;23.04.2014;15.10.2014;3.975;3.64;-5.29;-1.65;
2015;RGI60-08.02666;2078;15.10.2014;20.04.2015;16.10.2015;3.476;4.22;-2.74;1.47;
2016;RGI60-08.02666;2078;16.10.2015;10.05.2016;05.10.2016;3.476;4.19;-4.70;-0.51;
2017;RGI60-08.02666;2078;05.10.2016;10.05.2017;19.10.2017;3.476;3.26;-3.93;-0.66;
2018;RGI60-08.02666;2078;19.01.2017;15.05.2018;11.10.2018;3.476;2.88;-4.82;-1.94;
2019;RGI60-08.02666;2078;11.10.2018;20.05.2019;25.09.2019;3.476;2.46;-4.78;-2.32;
2020;RGI60-08.02666;2078;25.09.2019;28.04.2020;06.10.2020;3.476;4.99;-3.99;1.00;
2021;RGI60-08.02666;2078;06.10.2020;28.04.2021;13.11.2021;3.476;3.16;-4.87;-1.71;
2022;RGI60-08.02666;2078;13.11.2021;21.04.2022;19.10.2022;3.476;3.38;-3.94;-0.56;
1986;RGI60-08.02650;2085;;16.04.1986;22.11.1986;3.066;2.16;-2.86;-0.70;
1987;RGI60-08.02650;2085;22.11.1986;26.04.1987;08.10.1987;3.066;3.50;-2.62;0.88;
1988;RGI60-08.02650;2085;08.10.1987;21.04.1988;22.10.1988;3.066;2.48;-5.23;-2.75;
1989;RGI60-08.02650;2085;22.10.1988;16.04.1989;28.10.1989;3.066;4.36;-3.40;0.96;
1990;RGI60-08.02650;2085;28.10.1989;22.04.1990;20.10.1990;3.066;4.36;-3.87;0.49;
1991;RGI60-08.02650;2085;20.10.1990;14.04.1991;27.10.1991;3.066;3.21;-2.73;0.48;
1992;RGI60-08.02650;2085;27.10.1991;24.04.1992;28.10.1992;3.066;4.55;-3.31;1.25;
1993;RGI60-08.02650;2085;28.10.1992;25.04.1993;15.10.1993;3.181;4.50;-3.02;1.48;
1994;RGI60-08.02650;2085;15.10.1993;27.04.1994;20.10.1994;3.181;3.53;-2.60;0.94;
1995;RGI60-08.02650;2085;20.10.1994;27.04.1995;04.11.1995;3.181;4.62;-3.53;1.09;
1996;RGI60-08.02650;2085;04.11.1995;02.05.1996;23.09.1996;3.181;1.92;-3.16;-1.24;
1997;RGI60-08.02650;2085;23.09.1996;28.04.1997;20.11.1997;3.181;3.86;-3.50;0.36;
1998;RGI60-08.02650;2085;20.11.1997;13.05.1998;02.10.1998;3.181;3.17;-3.48;-0.32;
1999;RGI60-08.02650;2085;02.10.1998;07.05.1999;15.10.1999;3.181;4.31;-4.16;0.14;
2000;RGI60-08.02650;2085;15.10.1999;02.05.2000;08.11.2000;3.181;4.63;-3.79;0.84;
2001;RGI60-08.02650;2085;08.11.2000;28.04.2001;18.10.2001;3.181;1.71;-4.46;-2.75;
2002;RGI60-08.02650;2085;18.10.2001;06.05.2002;05.10.2002;3.181;3.54;-5.39;-1.85;
2003;RGI60-08.02650;2085;05.10.2002;24.04.2003;20.10.2003;3.181;2.38;-4.99;-2.61;
2004;RGI60-08.02650;2085;20.10.2003;12.05.2004;13.10.2004;2.75;2.96;-3.60;-0.64;
2005;RGI60-08.02650;2085;13.10.2004;19.04.2005;16.10.2005;2.75;4.53;-4.62;-0.09;
2006;RGI60-08.02650;2085;16.10.2005;05.05.2006;12.10.2006;2.75;2.41;-6.50;-4.08;
2007;RGI60-08.02650;2085;12.10.2006;03.05.2007;05.10.2007;2.75;4.07;-3.17;0.90;
2008;RGI60-08.02650;2085;05.10.2007;21.04.2008;31.10.2008;2.75;4.25;-3.80;0.46;
2009;RGI60-08.02650;2085;31.10.2008;29.04.2009;22.10.2009;2.75;3.48;-4.39;-0.92;
2010;RGI60-08.02650;2085;22.10.2009;06.05.2010;28.09.2010;2.75;2.10;-4.31;-2.22;
2011;RGI60-08.02650;2085;28.09.2010;27.04.2011;13.10.2011;2.75;3.43;-4.68;-1.25;
2012;RGI60-08.02650;2085;13.10.2011;17.04.2012;16.10.2012;2.75;3.61;-2.79;0.82;
2013;RGI60-08.02650;2085;16.10.2012;23.05.2013;25.09.2013;2.75;2.84;-4.53;-1.69;
2014;RGI60-08.02650;2085;25.09.2013;23.04.2014;15.10.2014;2.75;3.54;-5.65;-2.11;
2015;RGI60-08.02650;2085;15.10.2014;20.04.2015;16.10.2015;2.481;4.05;-3.05;1.00;
2016;RGI60-08.02650;2085;16.10.2015;10.05.2016;05.10.2016;2.481;3.80;-5.11;-1.31;
2017;RGI60-08.02650;2085;05.10.2016;10.05.2017;19.10.2017;2.481;3.45;-4.64;-1.19;
2018;RGI60-08.02650;2085;19.10.2017;15.05.2018;11.10.2018;2.481;2.63;-5.31;-2.68;
2019;RGI60-08.02650;2085;11.10.2018;20.05.2019;25.09.2019;2.481;2.04;-5.03;-2.99;
2020;RGI60-08.02650;2085;25.09.2019;28.04.2020;06.10.2020;2.38;4.64;-4.08;0.56;
2021;RGI60-08.02650;2085;06.10.2020;28.04.2021;13.11.2021;2.38;2.93;-5.20;-2.27;
2022;RGI60-08.02650;2085;13.11.2021;21.04.2022;19.10.2022;2.38;3.22;-4.22;-1.00;
1996;RGI60-08.02017;2148;29.09.1995;30.04.1996;22.09.1996;3.81;1.19;-2.81;-1.62;
1997;RGI60-08.02017;2148;22.09.1996;26.04.1997;26.09.1997;3.81;3.45;-3.87;-0.42;
1998;RGI60-08.02017;2148;26.09.1997;14.05.1998;23.09.1998;3.81;2.84;-2.54;0.30;
1999;RGI60-08.02017;2148;23.09.1998;05.05.1999;06.10.1999;3.81;2.92;-2.54;0.38;
2000;RGI60-08.02017;2148;06.10.1999;29.04.2000;14.09.2000;3.81;3.50;-2.47;1.03;
1962;RGI60-08.01126;2297;;25.04.1962;21.09.1962;48.312;2.11;0.17;2.27;
1963;RGI60-08.01126;2297;21.09.1962;15.05.1963;27.10.1963;48.312;1.78;-1.96;-0.19;
1964;RGI60-08.01126;2297;27.10.1963;07.05.1964;26.10.1964;48.312;1.96;-1.19;0.76;
1965;RGI60-08.01126;2297;26.10.1964;18.04.1965;21.10.1965;48.312;1.93;-1.17;0.76;
1966;RGI60-08.01126;2297;21.10.1965;09.04.1966;20.09.1966;48.312;1.74;-2.69;-0.95;
1967;RGI60-08.01126;2297;20.09.1966;12.04.1967;11.10.1967;48.312;2.98;-1.18;1.80;
1968;RGI60-08.01126;2297;11.10.1967;22.04.1968;07.11.1968;48.312;2.49;-2.41;0.08;
1969;RGI60-08.01126;2297;07.11.1968;16.04.1969;22.10.1969;48.1;1.69;-3.14;-1.45;
1970;RGI60-08.01126;2297;22.10.1969;08.04.1970;02.09.1970;48.1;1.66;-2.30;-0.63;
1971;RGI60-08.01126;2297;02.09.1970;06.04.1971;12.09.1971;48.1;2.17;-1.31;0.85;
1972;RGI60-08.01126;2297;12.09.1971;31.03.1972;01.09.1972;48.1;1.79;-2.02;-0.23;
1973;RGI60-08.01126;2297;01.09.1972;06.05.1973;16.09.1973;48.1;2.47;-1.41;1.06;
1974;RGI60-08.01126;2297;16.09.1973;27.04.1974;15.10.1974;48.1;1.93;-1.72;0.21;
1975;RGI60-08.01126;2297;15.10.1974;13.05.1975;10.10.1975;48.1;2.43;-2.41;0.02;
1976;RGI60-08.01126;2297;10.10.1975;24.04.1976;10.10.1976;48.1;2.87;-2.44;0.44;
1977;RGI60-08.01126;2297;10.10.1976;24.04.1977;05.11.1977;48.1;1.49;-2.33;-0.84;
1978;RGI60-08.01126;2297;05.11.1977;19.04.1978;28.11.1978;48.1;2.00;-2.24;-0.24;
1979;RGI60-08.01126;2297;28.11.1978;14.05.1979;06.10.1979;48.86;2.43;-2.10;0.34;
1980;RGI60-08.01126;2297;06.10.1979;22.04.1980;04.09.1980;48.86;1.76;-3.03;-1.28;
1981;RGI60-08.01126;2297;04.09.1980;05.04.1981;27.08.1981;48.86;2.19;-1.98;0.21;
1982;RGI60-08.01126;2297;27.08.1981;13.05.1982;07.09.1982;48.86;1.88;-2.30;-0.42;
1983;RGI60-08.01126;2297;07.09.1982;06.05.1983;19.09.1983;48.86;2.94;-2.03;0.91;
1984;RGI60-08.01126;2297;19.09.1983;24.04.1984;16.09.1984;48.86;2.49;-2.30;0.19;
1985;RGI60-08.01126;2297;16.09.1984;28.04.1985;25.09.1985;48.86;1.60;-2.39;-0.79;
1986;RGI60-08.01126;2297;25.09.1985;03.05.1986;23.12.1986;48.86;1.34;-1.96;-0.62;
1987;RGI60-08.01126;2297;23.12.1986;05.05.1987;25.11.1987;48.86;2.47;-1.57;0.90;
1988;RGI60-08.01126;2297;25.11.1987;03.05.1988;18.10.1988;48.86;2.08;-3.37;-1.30;
1989;RGI60-08.01126;2297;18.10.1988;17.04.1989;13.09.1989;48.86;3.36;-0.94;2.42;
1990;RGI60-08.01126;2297;13.09.1989;23.04.1990;19.10.1990;48.86;3.34;-2.22;1.12;
1991;RGI60-08.01126;2297;19.10.1990;01.05.1991;28.09.1991;48.86;1.79;-2.03;-0.24;
1992;RGI60-08.01126;2297;28.09.1991;28.04.1992;18.09.1992;48.86;2.66;-1.53;1.13;
1993;RGI60-08.01126;2297;18.09.1992;29.04.1993;16.09.1993;48.86;2.52;-1.40;1.12;
1994;RGI60-08.01126;2297;16.09.1993;05.05.1994;21.09.1994;48.86;2.01;-1.86;0.15;
1995;RGI60-08.01126;2297;21.09.1994;23.04.1995;30.09.1995;48.86;2.85;-2.03;0.82;
1996;RGI60-08.01126;2297;30.09.1995;10.05.1996;16.09.1996;48.86;1.25;-1.99;-0.74;
1997;RGI60-08.01126;2297;16.09.1996;22.05.1997;24.09.1997;47.927;2.45;-2.98;-0.53;
1998;RGI60-08.01126;2297;24.09.1997;12.05.1998;22.09.1998;47.927;2.29;-1.83;0.46;
1999;RGI60-08.01126;2297;22.09.1998;06.05.1999;30.09.1999;47.927;2.21;-2.39;-0.18;
2000;RGI60-08.01126;2297;30.09.1999;04.05.2000;13.09.2000;47.927;3.13;-1.86;1.27;
2001;RGI60-08.01126;2297;13.09.2000;04.05.2001;19.09.2001;47.927;1.69;-2.08;-0.40;
2002;RGI60-08.01126;2297;19.09.2001;07.05.2002;07.10.2002;47.927;2.24;-3.47;-1.23;
2003;RGI60-08.01126;2297;07.10.2002;01.06.2003;20.09.2003;47.927;1.49;-3.01;-1.52;
2004;RGI60-08.01126;2297;20.09.2003;11.05.2004;29.09.2004;47.927;1.83;-2.23;-0.40;
2005;RGI60-08.01126;2297;29.09.2004;12.05.2005;16.10.2005;47.927;2.72;-1.83;0.89;
2006;RGI60-08.01126;2297;16.10.2005;06.05.2006;11.10.2006;47.927;1.63;-3.36;-1.73;
2007;RGI60-08.01126;2297;11.10.2006;04.06.2007;27.09.2007;47.927;2.86;-2.20;0.66;
2008;RGI60-08.01126;2297;27.09.2007;08.05.2008;30.10.2008;47.927;2.82;-2.04;0.78;
2009;RGI60-08.01126;2297;30.10.2008;13.05.2009;13.10.2009;47.927;2.04;-2.10;-0.06;
2010;RGI60-08.01126;2297;13.10.2009;19.05.2010;29.09.2010;47.927;1.36;-2.46;-1.10;
2011;RGI60-08.01126;2297;29.09.2010;03.05.2011;13.10.2011;47.927;1.73;-2.86;-1.13;
2012;RGI60-08.01126;2297;13.10.2011;22.05.2012;11.10.2012;46.611;2.71;-1.73;0.98;
2013;RGI60-08.01126;2297;11.10.2012;23.05.2013;25.09.2013;46.611;2.30;-2.96;-0.65;
2014;RGI60-08.01126;2297;25.09.2013;20.05.2014;17.11.2014;46.611;2.54;-3.29;-0.75;
2015;RGI60-08.01126;2297;17.11.2014;08.06.2015;14.10.2015;46.611;2.78;-1.48;1.30;
2016;RGI60-08.01126;2297;14.10.2015;10.05.2016;05.10.2016;46.611;2.59;-2.51;0.08;
2017;RGI60-08.01126;2297;05.10.2016;21.06.2017;18.10.2017;44.945;1.95;-1.72;0.23;
2018;RGI60-08.01126;2297;18.10.2017;15.05.2018;26.10.2018;44.945;2.21;-3.41;-1.20;
2019;RGI60-08.01126;2297;26.10.2018;15.05.2019;25.09.2019;44.945;1.86;-2.49;-0.62;
2020;RGI60-08.01126;2297;25.09.2019;19.05.2020;15.10.2020;44.945;3.24;-1.99;1.25;
2021;RGI60-08.01126;2297;15.10.2020;29.04.2021;14.10.2021;44.945;1.93;-2.49;-0.57;
2022;RGI60-08.01126;2297;14.10.2021;18.05.2022;20.09.2022;44.945;2.57;-1.83;0.74;
1966;RGI60-08.00434;2320;;09.05.1966;20.11.1966;52.211;1.65;-2.55;-0.90;
1967;RGI60-08.00434;2320;20.11.1966;16.04.1967;22.08.1967;52.211;3.43;-1.41;2.02;
1968;RGI60-08.00434;2320;22.08.1967;13.04.1968;07.11.1968;52.211;2.81;-2.55;0.26;
1969;RGI60-08.00434;2320;07.11.1968;21.04.1969;29.08.1969;52.211;1.56;-3.15;-1.59;
1970;RGI60-08.00434;2320;29.08.1969;07.04.1970;30.08.1970;52.211;1.58;-2.30;-0.72;
1971;RGI60-08.00434;2320;30.08.1970;14.05.1971;30.08.1971;52.211;2.43;-1.71;0.72;
1972;RGI60-08.00434;2320;30.08.1971;03.05.1972;04.10.1972;52.211;2.06;-2.44;-0.37;
1964;NA;2352;;01.05.1964;01.09.1964;12;2.20;-1.50;0.70;
1965;NA;2352;01.09.1964;01.05.1965;01.09.1965;12;2.32;-1.76;0.56;
1966;NA;2352;01.09.1965;01.05.1966;01.09.1966;12;1.63;-2.40;-0.77;
1967;NA;2352;01.09.1966;01.05.1967;01.09.1967;12;2.72;-1.50;1.22;
1973;NA;2352;;01.05.1973;01.09.1973;12;NA;NA;1.50;
1974;NA;2352;01.09.1973;01.05.1974;01.09.1974;12;NA;NA;0.80;
1975;NA;2352;01.09.1974;01.05.1975;01.09.1975;12;NA;NA;1.00;
1979;NA;2352;;01.05.1979;01.09.1979;12;NA;NA;1.10;
1980;NA;2352;01.09.1979;01.05.1980;01.09.1980;12;NA;NA;-1.40;
1981;NA;2352;01.09.1980;01.05.1981;01.09.1981;12;NA;NA;0.20;
1982;NA;2352;01.09.1981;01.05.1982;01.09.1982;12;NA;NA;-1.67;
1967;RGI60-08.01186;2474;;12.06.1967;09.10.1967;4.098;2.18;-1.69;0.49;
1968;RGI60-08.01186;2474;09.10.1967;18.04.1968;07.10.1968;4.098;3.10;-2.51;0.59;
1969;RGI60-08.01186;2474;07.10.1968;10.04.1969;30.10.1969;4.098;1.29;-3.48;-2.19;
1970;RGI60-08.01186;2474;30.10.1969;12.04.1970;09.09.1970;4.098;1.49;-2.71;-1.21;
1971;RGI60-08.01186;2474;09.09.1970;29.04.1971;21.09.1971;4.098;2.20;-1.81;0.39;
1972;RGI60-08.01186;2474;21.09.1971;21.04.1972;09.10.1972;4.098;1.97;-2.37;-0.40;
1988;RGI60-08.01286;2478;25.09.1987;01.05.1988;21.09.1988;11.276;1.95;-3.38;-1.43;-3.722
1989;RGI60-08.01286;2478;21.09.1988;03.04.1989;11.10.1989;11.276;3.19;-1.60;1.59;-2.942
1990;RGI60-08.01286;2478;11.10.1989;01.05.1990;19.10.1990;11.183;3.66;-2.72;0.94;-5.804
1991;RGI60-08.01286;2478;19.10.1990;30.04.1991;28.09.1991;11.183;1.66;-1.65;0.00;-1.871
1992;RGI60-08.01286;2478;28.09.1991;16.04.1992;19.09.1992;11.183;2.80;-2.26;0.54;-4.093
1993;RGI60-08.01286;2478;19.09.1992;01.05.1993;14.09.1993;11.183;2.60;-1.78;0.82;-4.413
1994;RGI60-08.01286;2478;14.09.1993;04.05.1994;20.09.1994;11.183;1.80;-1.87;-0.07;-2.806
1995;RGI60-08.01286;2478;20.09.1994;25.04.1995;30.09.1995;11.183;2.72;-2.10;0.62;-3.177
1996;RGI60-08.01286;2478;30.09.1995;08.05.1996;15.09.1996;11.183;1.20;-2.29;-1.09;-2.805
1997;RGI60-08.01286;2478;15.09.1996;20.05.1997;27.09.1997;11.183;2.67;-3.22;-0.55;-3.465
1998;RGI60-08.01286;2478;27.09.1997;14.05.1998;22.09.1998;11.183;2.20;-2.05;0.15;-3.435
1999;RGI60-08.01286;2478;23.09.1998;04.05.1999;30.09.1999;10.629;2.10;-2.56;-0.46;-2.93
2000;RGI60-08.01286;2478;30.09.1999;30.04.2000;19.09.2000;10.629;3.02;-1.96;1.09;-2.288
2001;RGI60-08.01286;2478;19.09.2000;06.05.2001;20.09.2001;10.629;1.23;-2.75;-1.52;-3.09
2002;RGI60-08.01286;2478;20.09.2001;08.05.2002;07.10.2002;10.629;2.11;-4.09;-1.99;-4.166
2003;RGI60-08.01286;2478;01.10.2002;02.06.2003;20.09.2003;10.629;1.60;-4.06;-2.45;-5.001
2004;RGI60-08.01286;2478;20.09.2003;13.05.2004;30.09.2004;10.629;1.61;-2.56;-0.95;-2.833
2005;RGI60-08.01286;2478;30.09.2004;15.06.2005;17.10.2005;10.629;2.84;-2.77;0.08;-5.096
2006;RGI60-08.01286;2478;17.10.2005;05.05.2006;11.10.2006;10.629;1.33;-3.36;-2.03;-1.008
2007;RGI60-08.01286;2478;11.10.2006;03.05.2007;27.09.2007;10.629;2.48;-2.28;0.20;-2.987
2008;RGI60-08.01286;2478;27.09.2007;22.05.2008;30.10.2008;10.629;2.39;-2.49;-0.10;-3.69
2009;RGI60-08.01286;2478;30.10.2008;15.05.2009;13.10.2009;10.629;1.91;-2.65;-0.74;-3.59
2010;RGI60-08.01286;2478;13.10.2009;01.06.2010;09.10.2010;10.629;1.02;-3.05;-2.03;-2.678
2011;RGI60-08.01286;2478;09.10.2010;04.05.2011;13.10.2011;10.629;1.82;-3.26;-1.44;-3.67
2012;RGI60-08.01286;2478;13.10.2011;10.05.2012;11.10.2012;10.629;2.68;-1.91;0.77;-1.9
2013;RGI60-08.01286;2478;11.10.2012;29.05.2013;25.09.2013;10.629;1.61;-3.24;-1.63;-3.06
2014;RGI60-08.01286;2478;25.09.2013;24.04.2014;02.10.2014;10.629;2.14;-3.50;-1.36;-2.39
2015;RGI60-08.01286;2478;02.10.2014;21.05.2015;14.10.2015;10.032;2.53;-1.81;0.72;-1.49
2016;RGI60-08.01286;2478;14.10.2015;12.05.2016;05.10.2016;10.032;2.01;-3.06;-1.05;-1.07
2017;RGI60-08.01286;2478;05.10.2016;10.05.2017;05.10.2017;10.032;2.43;-2.24;0.19;-1.779
2018;RGI60-08.01286;2478;05.10.2017;07.05.2018;26.10.2018;10.032;1.93;-3.46;-1.53;-3.959
2019;RGI60-08.01286;2478;26.10.2018;30.04.2019;25.09.2019;10.122;1.59;-2.80;-1.21;-2.036
2020;RGI60-08.01286;2478;25.09.2019;21.04.2020;13.10.2020;10.122;2.91;-2.11;0.80;-0.304
2021;RGI60-08.01286;2478;13.10.2020;16.04.2021;28.09.2021;10.122;1.58;-3.36;-1.78;-1.713
2022;RGI60-08.01286;2478;28.09.2021;26.04.2022;20.09.2022;10.122;2.20;-2.24;-0.04;-0.523
1997;RGI60-08.01217;2514;14.09.1996;19.05.1997;24.09.1997;13.17;2.18;-2.74;-0.56;
1998;RGI60-08.01217;2514;24.09.1997;15.05.1998;23.09.1998;13.17;1.65;-1.65;0.00;
1999;RGI60-08.01217;2514;23.09.1998;08.05.1999;30.09.1999;13.17;1.78;-2.15;-0.37;
2000;RGI60-08.01217;2514;30.09.1999;29.04.2000;13.09.2000;13.17;2.29;-1.72;0.58;
2001;RGI60-08.01217;2514;13.09.2000;07.05.2001;19.09.2001;13.17;1.00;-2.24;-1.24;
1988;NA;2527;;27.04.1988;18.10.1988;27.935;1.63;-3.10;-1.46;
1989;NA;2527;18.10.1988;20.04.1989;11.10.1989;27.935;2.76;-1.62;1.14;
1990;NA;2527;11.10.1989;02.05.1990;19.10.1990;27.935;3.34;-2.33;1.02;
1991;NA;2527;19.10.1990;30.04.1991;28.09.1991;27.935;1.40;-1.37;0.03;
2010;RGI60-08.00868;2597;;19.05.2010;09.10.2010;0.171;0.67;-3.92;-3.25;
1962;NA;2632;;01.05.1962;01.09.1962;5.9;2.03;-1.28;0.75;
1963;NA;2632;01.01.1962;01.05.1963;01.09.1963;5.9;1.24;-2.46;-1.22;
1949;NA;2636;;01.05.1949;01.09.1949;5.73;2.28;-2.08;0.20;
1950;NA;2636;;01.01.1950;01.09.1950;5.73;1.52;-1.81;-0.29;
1951;NA;2636;;01.01.1951;01.09.1951;5.73;1.13;-1.67;-0.54;
1952;NA;2636;;01.01.1952;01.09.1952;5.73;1.44;-1.13;0.31;
1953;NA;2636;;01.01.1953;01.09.1953;5.73;1.40;-2.25;-0.85;
1954;NA;2636;;01.01.1954;01.09.1954;5.73;1.21;-1.98;-0.77;
1955;NA;2636;;01.05.1955;01.09.1955;5.73;1.57;-2.06;-0.49;
1956;NA;2636;;01.05.1956;01.09.1956;5.73;1.31;-1.48;-0.17;
1957;NA;2636;;01.05.1957;01.09.1957;5.73;1.42;-1.37;0.05;
1958;NA;2636;;01.05.1958;01.09.1958;5.73;1.54;-1.62;-0.08;
1959;NA;2636;;01.05.1959;01.09.1959;5.73;1.07;-2.35;-1.28;
1960;NA;2636;;01.05.1960;01.09.1960;5.73;0.98;-2.07;-1.09;
1961;NA;2636;;01.01.1961;01.09.1961;5.73;1.10;-1.62;-0.52;
1962;NA;2636;;01.01.1962;01.09.1962;5.73;1.54;-0.82;0.72;
1963;NA;2636;;01.01.1963;01.09.1963;5.73;0.96;-2.14;-1.18;
1964;NA;2636;;01.01.1964;01.09.1964;5.73;1.16;-0.95;0.21;
1965;NA;2636;;01.01.1965;01.09.1965;5.73;1.54;-1.20;0.34;
1966;NA;2636;;01.01.1966;01.09.1966;5.73;1.25;-1.86;-0.61;
1967;NA;2636;;12.05.1967;16.09.1967;5.73;1.89;-1.17;0.72;
1968;NA;2636;;10.05.1968;18.10.1968;5.6;1.64;-1.59;0.05;
1969;NA;2636;;22.05.1969;20.09.1969;5.6;1.22;-2.64;-1.42;
1970;NA;2636;;01.05.1970;13.09.1970;5.6;0.97;-1.69;-0.72;
1971;NA;2636;;01.01.1971;01.09.1971;5.6;1.46;-1.28;0.18;
1972;NA;2636;;01.01.1972;01.09.1972;5.6;1.39;-1.70;-0.31;
1973;NA;2636;;01.01.1973;01.09.1973;5.6;1.48;-1.40;0.08;
1974;NA;2636;;01.01.1974;01.09.1974;5.6;1.26;-1.02;0.24;
1975;NA;2636;;01.01.1975;01.09.1975;5.6;1.55;-1.70;-0.15;
1976;NA;2636;;01.01.1976;01.09.1976;5.6;1.81;-1.90;-0.09;
1977;NA;2636;;01.01.1977;01.09.1977;5.6;0.94;-1.48;-0.54;
1978;NA;2636;;01.01.1978;01.09.1978;5.6;1.26;-1.70;-0.44;
1979;NA;2636;;01.01.1979;01.09.1979;5.6;1.55;-1.45;0.10;
1980;NA;2636;;01.01.1980;01.09.1980;5.6;0.99;-2.30;-1.31;
1981;NA;2636;;01.01.1981;01.09.1981;5.6;1.30;-1.40;-0.10;
1982;NA;2636;;01.01.1982;01.09.1982;5.6;1.28;-1.75;-0.47;
1983;NA;2636;;01.01.1983;01.09.1983;5.6;1.90;-1.70;0.20;
1984;NA;2636;;02.01.1984;01.09.1984;5.35;1.70;-2.00;-0.30;
1985;NA;2636;;01.01.1985;01.09.1985;5.35;1.20;-1.60;-0.40;
1986;NA;2636;;01.01.1986;01.09.1986;5.35;1.05;-1.37;-0.32;
1987;NA;2636;;01.01.1987;01.01.1987;5.26;1.55;-1.23;0.32;
1988;NA;2636;;13.05.1988;07.09.1988;5.26;1.45;-2.40;-0.95;
1989;NA;2636;07.09.1988;14.05.1989;23.09.1989;5.26;2.30;-1.10;1.20;
1990;NA;2636;01.10.1989;19.05.1990;01.10.1990;5.25;2.60;-1.34;1.25;
1991;NA;2636;01.10.1990;19.05.1991;01.10.1991;5.35;1.28;-1.35;-0.07;
1992;NA;2636;01.10.1991;16.04.1992;14.10.1992;5.35;1.62;-1.49;0.13;
1993;NA;2636;14.10.1992;01.05.1993;17.09.1993;5.35;1.82;-1.01;0.81;
1994;NA;2636;17.09.1993;25.05.1994;10.10.1994;5.35;1.53;-1.74;-0.21;
1995;NA;2636;10.10.1994;29.05.1995;14.09.1995;5.35;1.79;-1.89;-0.10;
1996;NA;2636;13.09.1995;10.05.1996;27.09.1996;5.35;0.83;-1.80;-0.97;
1997;NA;2636;27.09.1996;20.05.1997;14.10.1997;5.35;1.77;-2.74;-0.96;
1998;NA;2636;14.10.1997;16.05.1998;22.09.1998;5.35;1.55;-1.33;0.22;
1999;NA;2636;22.09.1998;10.05.1999;21.09.1999;5.35;1.67;-1.90;-0.24;
2000;NA;2636;22.09.1999;10.05.2000;21.09.2000;5.35;2.04;-1.49;0.55;
2001;NA;2636;21.09.2000;06.05.2001;26.09.2001;5.35;1.04;-1.32;-0.28;
2002;NA;2636;26.09.2001;06.05.2002;20.09.2002;5.35;1.09;-2.87;-1.79;
2003;NA;2636;20.09.2002;15.05.2003;28.09.2003;5.142;1.07;-2.78;-1.72;
2004;NA;2636;28.09.2003;12.05.2004;14.09.2004;5.142;0.97;-1.71;-0.74;
2005;NA;2636;14.09.2004;12.05.2005;30.09.2005;5.142;1.77;-2.04;-0.23;
2006;NA;2636;30.09.2005;09.05.2006;09.09.2006;5.142;0.81;-3.08;-2.27;
2007;NA;2636;09.09.2006;03.05.2007;18.09.2007;5.142;1.30;-1.81;-0.51;
2008;NA;2636;18.09.2007;07.05.2008;01.09.2008;5.142;1.90;-2.01;-0.10;
2009;NA;2636;01.09.2008;13.05.2009;17.09.2009;5.142;1.60;-1.83;-0.22;
2010;NA;2636;17.09.2009;05.05.2010;28.09.2010;5.142;0.79;-2.55;-1.76;
2011;NA;2636;28.09.2010;04.05.2011;13.09.2011;5.142;0.99;-2.57;-1.58;
2012;NA;2636;13.09.2011;03.05.2012;16.10.2012;5.142;1.68;-1.62;0.06;
2013;NA;2636;16.10.2012;07.05.2013;12.09.2013;5.142;1.31;-2.47;-1.16;
2014;NA;2636;12.09.2013;14.05.2014;18.09.2014;5.142;1.57;-2.74;-1.17;
2015;NA;2636;18.09.2014;14.05.2015;09.09.2015;5.142;1.52;-1.03;0.49;
2016;NA;2636;09.09.2015;15.05.2016;12.09.2016;5.142;1.10;-1.91;-0.80;
2017;NA;2636;12.09.2016;02.05.2017;27.09.2017;5.142;1.17;-1.69;-0.52;
2018;NA;2636;27.09.2017;07.05.2018;16.10.2018;5.142;1.27;-3.24;-1.97;
2019;NA;2636;16.10.2018;08.05.2019;23.09.2019;4.876;1.02;-2.54;-1.52;
2020;NA;2636;23.09.2019;22.04.2020;18.09.2020;4.876;1.93;-1.98;-0.05;
2021;NA;2636;18.09.2020;27.04.2021;26.09.2021;4.876;1.37;-3.04;-1.67;
2022;NA;2636;26.09.2021;21.04.2022;29.09.2022;4.876;1.35;-2.03;-0.68;
1962;RGI60-08.00987;2743;01.01.1961;01.05.1962;01.09.1962;2.36;0.86;-0.09;0.77;
1963;RGI60-08.00987;2743;01.09.1962;01.06.1963;20.08.1963;2.364;0.40;-1.11;-0.71;
1964;RGI60-08.00987;2743;20.08.1963;21.06.1964;01.10.1964;2.264;0.36;-0.71;-0.35;
1965;RGI60-08.00987;2743;01.10.1964;07.04.1965;08.09.1965;2.386;0.76;-0.36;0.41;
1966;RGI60-08.00987;2743;08.09.1965;12.06.1966;04.09.1966;2.386;0.72;-1.01;-0.28;
1967;RGI60-08.00987;2743;04.09.1966;05.06.1967;08.10.1967;2.386;1.45;-0.74;0.71;
1968;RGI60-08.00987;2743;08.10.1967;15.04.1968;15.09.1968;2.527;1.03;-1.11;-0.08;
1969;RGI60-08.00987;2743;15.09.1968;05.06.1969;06.10.1969;2.527;0.70;-2.05;-1.36;
1970;RGI60-08.00987;2743;06.10.1969;30.03.1970;01.09.1970;2.527;0.57;-1.24;-0.66;
1971;RGI60-08.00987;2743;23.09.1970;06.05.1971;18.09.1971;2.525;0.50;-0.97;-0.47;
1972;RGI60-08.00987;2743;18.09.1971;30.05.1972;03.09.1972;2.525;0.66;-1.30;-0.64;
1973;RGI60-08.00987;2743;03.09.1972;29.05.1973;04.10.1973;2.525;0.72;-1.61;-0.89;
1974;RGI60-08.00987;2743;04.10.1973;10.05.1974;24.09.1974;2.494;0.59;-0.24;0.34;
1975;RGI60-08.00987;2743;24.09.1974;26.05.1975;12.10.1975;2.518;0.91;-1.86;-0.95;
1976;RGI60-08.00987;2743;12.10.1975;22.04.1976;17.11.1976;2.518;0.62;-1.62;-1.00;
1977;RGI60-08.00987;2743;17.11.1976;05.05.1977;24.09.1977;2.518;0.51;-0.90;-0.39;
1978;RGI60-08.00987;2743;24.09.1977;26.04.1978;06.09.1978;2.518;0.67;-0.89;-0.22;
1979;RGI60-08.00987;2743;06.09.1978;11.05.1979;01.10.1979;2.518;0.91;-0.87;0.04;
1980;RGI60-08.00987;2743;01.10.1979;06.05.1980;05.09.1980;2.058;0.43;-1.32;-0.89;
1981;RGI60-08.00987;2743;05.09.1980;02.05.1981;14.08.1981;2.058;0.60;-0.79;-0.19;
1982;RGI60-08.00987;2743;14.08.1981;01.05.1982;01.10.1982;2.058;0.50;-1.01;-0.51;
1983;RGI60-08.00987;2743;01.10.1982;01.05.1983;01.10.1983;2.058;0.92;-0.98;-0.05;
1984;RGI60-08.00987;2743;01.10.1983;26.04.1984;15.09.1984;2.256;0.98;-1.35;-0.37;
1985;RGI60-08.00987;2743;15.09.1984;09.05.1985;01.10.1985;2.256;0.76;-0.76;0.00;
1986;RGI60-08.00987;2743;01.10.1985;06.05.1986;10.10.1986;2.256;0.42;-1.18;-0.76;
1987;RGI60-08.00987;2743;10.10.1986;12.05.1987;01.10.1987;2.256;0.95;-0.24;0.71;
1988;RGI60-08.00987;2743;01.10.1987;30.04.1988;18.09.1988;2.256;1.08;-1.68;-0.60;
1989;RGI60-08.00987;2743;18.09.1988;12.05.1989;01.10.1989;2.256;1.12;-0.67;0.45;
1990;RGI60-08.00987;2743;01.10.1989;05.05.1990;23.09.1990;2.256;1.32;-0.61;0.72;
1991;RGI60-08.00987;2743;23.09.1990;09.05.1991;04.10.1991;2.255;0.67;-1.20;-0.53;
1992;RGI60-08.00987;2743;04.10.1991;05.05.1992;15.09.1992;2.255;0.70;-0.78;-0.08;
1993;RGI60-08.00987;2743;15.09.1992;16.04.1993;20.09.1993;2.255;0.93;-0.51;0.42;
1994;RGI60-08.00987;2743;20.09.1993;06.05.1994;13.10.1994;2.255;1.18;-1.17;0.01;
1995;RGI60-08.00987;2743;13.10.1994;27.05.1995;17.09.1995;2.255;1.20;-1.30;-0.11;
1996;RGI60-08.00987;2743;17.09.1995;14.05.1996;18.09.1996;2.255;0.53;-0.98;-0.45;
1997;RGI60-08.00987;2743;18.09.1996;18.05.1997;27.09.1997;2.255;0.71;-2.39;-1.68;
1998;RGI60-08.00987;2743;27.09.1997;30.05.1998;25.09.1998;2.255;0.79;-0.68;0.11;
1999;RGI60-08.00987;2743;25.09.1998;16.05.1999;25.09.1999;2.255;0.91;-1.30;-0.40;
2000;RGI60-08.00987;2743;26.09.1999;15.05.2000;21.09.2000;2.255;0.87;-0.92;-0.05;
2001;RGI60-08.00987;2743;21.09.2000;09.05.2001;28.09.2001;2.255;0.80;-0.78;0.02;
2002;RGI60-08.00987;2743;28.09.2001;10.05.2002;25.09.2002;2.255;0.63;-2.05;-1.42;
2003;RGI60-08.00987;2743;25.09.2002;18.05.2003;27.09.2003;2.119;0.44;-1.83;-1.39;
2004;RGI60-08.00987;2743;27.09.2003;16.05.2004;16.09.2004;2.119;0.46;-0.96;-0.49;
2005;RGI60-08.00987;2743;16.09.2004;03.06.2005;28.09.2005;2.119;0.83;-1.32;-0.49;
2006;RGI60-08.00987;2743;28.09.2005;31.05.2006;13.09.2006;2.119;0.50;-2.58;-2.08;
2007;RGI60-08.00987;2743;13.09.2006;05.06.2007;12.09.2007;2.119;0.60;-1.32;-0.72;
2008;RGI60-08.00987;2743;12.09.2007;05.06.2008;16.09.2008;2.119;0.93;-0.85;0.08;
2009;RGI60-08.00987;2743;16.09.2008;15.06.2009;15.09.2009;2.119;0.80;-1.08;-0.28;
2010;RGI60-08.00987;2743;15.09.2009;04.05.2010;28.09.2010;2.119;0.54;-1.60;-1.10;
2011;RGI60-08.00987;2743;27.09.2010;16.05.2011;09.09.2011;2.119;0.65;-1.94;-1.29;
2012;RGI60-08.00987;2743;09.09.2011;18.06.2012;13.09.2012;2.119;0.73;-0.84;-0.11;
2013;RGI60-08.00987;2743;13.09.2012;26.04.2013;13.09.2013;2.119;0.60;-1.41;-0.81;
2014;RGI60-08.00987;2743;13.09.2013;13.05.2014;10.09.2014;2.119;0.89;-2.06;-1.17;
2015;RGI60-08.00987;2743;10.09.2014;28.04.2015;22.09.2015;2.119;0.77;-0.48;0.29;
2016;RGI60-08.00987;2743;22.09.2015;06.06.2016;14.09.2016;2.119;0.76;-1.18;-0.42;
2017;RGI60-08.00987;2743;14.09.2016;14.06.2017;28.09.2017;2.119;0.26;-0.97;-0.71;
2018;RGI60-08.00987;2743;28.09.2017;04.06.2018;16.10.2018;2.119;0.39;-2.21;-1.82;
2019;RGI60-08.00987;2743;16.10.2018;11.06.2019;23.09.2019;1.744;0.27;-1.96;-1.69;
2020;RGI60-08.00987;2743;23.09.2019;20.04.2020;17.09.2020;1.744;0.71;-1.35;-0.64;
2021;RGI60-08.00987;2743;17.09.2020;28.04.2021;26.09.2021;1.744;0.61;-2.15;-1.54;
2022;RGI60-08.00987;2743;26.09.2021;07.06.2022;21.09.2022;1.744;0.50;-2.12;-1.62;
1962;RGI60-08.00449;2768;01.09.1961;15.04.1962;01.09.1962;3.38;1.18;-0.40;0.78;
1963;RGI60-08.00449;2768;01.09.1962;10.04.1963;01.09.1963;3.38;0.93;-1.92;-0.99;
1964;RGI60-08.00449;2768;01.10.1963;05.04.1964;30.10.1964;3.34;0.72;-0.81;-0.09;
1965;RGI60-08.00449;2768;30.10.1964;09.04.1965;07.09.1965;3.34;1.30;-0.75;0.55;
1966;RGI60-08.00449;2768;07.09.1965;23.05.1966;04.09.1966;3.34;0.96;-1.59;-0.63;
1967;RGI60-08.00449;2768;10.10.1966;03.06.1967;04.10.1967;3.34;1.50;-0.90;0.60;
1968;RGI60-08.00449;2768;04.10.1967;15.04.1968;17.09.1968;3.34;1.40;-1.47;-0.08;
1969;RGI60-08.00449;2768;17.09.1968;07.05.1969;20.09.1969;3.34;0.96;-2.20;-1.24;
1970;RGI60-08.00449;2768;20.09.1969;03.04.1970;01.09.1970;3.34;0.70;-1.67;-0.96;
1971;RGI60-08.00449;2768;28.10.1970;03.05.1971;21.10.1971;3.34;1.12;-1.24;-0.11;
1972;RGI60-08.00449;2768;21.10.1971;24.04.1972;09.11.1972;3.34;0.94;-1.42;-0.48;
1973;RGI60-08.00449;2768;09.11.1972;22.05.1973;02.10.1973;3.34;1.20;-1.41;-0.21;
1974;RGI60-08.00449;2768;02.10.1973;09.05.1974;23.09.1974;3.059;1.01;-0.73;0.29;
1975;RGI60-08.00449;2768;23.09.1974;26.05.1975;13.10.1975;3.059;1.36;-1.69;-0.34;
1976;RGI60-08.00449;2768;13.10.1975;16.05.1976;16.11.1976;3.059;1.15;-1.87;-0.72;
1977;RGI60-08.00449;2768;16.11.1976;03.05.1977;25.09.1977;3.059;0.69;-1.37;-0.69;
1978;RGI60-08.00449;2768;25.09.1977;26.04.1978;05.09.1978;3.059;1.06;-1.55;-0.48;
1979;RGI60-08.00449;2768;05.09.1978;10.05.1979;01.10.1979;3.059;1.44;-1.43;0.01;
1980;RGI60-08.00449;2768;01.10.1979;26.04.1980;21.09.1980;3.059;0.82;-2.01;-1.20;
1981;RGI60-08.00449;2768;21.09.1980;30.04.1981;17.10.1981;3.059;1.06;-1.40;-0.34;
1982;RGI60-08.00449;2768;17.10.1981;01.05.1982;05.09.1982;3.059;0.85;-1.22;-0.37;
1983;RGI60-08.00449;2768;05.09.1982;05.05.1983;01.09.1983;3.059;1.47;-1.31;0.16;
1984;RGI60-08.00449;2768;01.09.1983;27.04.1984;31.12.1984;3.059;1.22;-1.74;-0.52;
1985;RGI60-08.00449;2768;01.01.1985;09.05.1985;12.09.1985;3.059;1.11;-1.42;-0.31;
1986;RGI60-08.00449;2768;12.09.1985;07.05.1986;10.10.1986;3.059;0.78;-1.28;-0.51;
1987;RGI60-08.00449;2768;10.10.1986;01.05.1987;08.10.1987;3.059;1.15;-0.71;0.44;
1988;RGI60-08.00449;2768;08.10.1987;29.04.1988;16.09.1988;3.059;1.28;-2.33;-1.05;
1989;RGI60-08.00449;2768;16.09.1988;15.05.1989;23.09.1989;3.047;1.66;-0.87;0.79;
1990;RGI60-08.00449;2768;23.09.1989;03.05.1990;16.09.1990;3.047;1.83;-1.10;0.72;
1991;RGI60-08.00449;2768;16.09.1990;08.05.1991;02.10.1991;3.047;0.98;-1.40;-0.42;
1992;RGI60-08.00449;2768;02.10.1991;03.05.1992;17.09.1992;3.047;1.18;-0.99;0.18;
1993;RGI60-08.00449;2768;17.09.1992;16.04.1993;19.09.1993;3.047;1.26;-0.92;0.34;
1994;RGI60-08.00449;2768;19.09.1993;04.05.1994;11.10.1994;3.047;1.27;-1.15;0.12;
1995;RGI60-08.00449;2768;11.10.1994;27.05.1995;14.09.1995;3.047;1.43;-1.50;-0.06;
1996;RGI60-08.00449;2768;15.09.1995;11.05.1996;17.09.1996;3.047;0.66;-1.34;-0.68;
1997;RGI60-08.00449;2768;17.09.1996;16.05.1997;14.10.1997;3.047;1.14;-2.72;-1.59;
1998;RGI60-08.00449;2768;14.10.1997;18.05.1998;23.09.1998;3.047;1.01;-0.98;0.03;
1999;RGI60-08.00449;2768;23.09.1998;13.05.1999;23.09.1999;3.047;1.24;-1.60;-0.36;
2000;RGI60-08.00449;2768;24.09.1999;13.05.2000;21.09.2000;3.047;1.29;-1.09;0.19;
2001;RGI60-08.00449;2768;21.09.2000;07.05.2001;27.09.2001;3.047;0.85;-1.21;-0.36;
2002;RGI60-08.00449;2768;26.09.2001;07.05.2002;22.09.2002;3.047;0.96;-2.37;-1.41;
2003;RGI60-08.00449;2768;22.09.2002;16.05.2003;10.09.2003;2.903;0.72;-2.15;-1.43;
2004;RGI60-08.00449;2768;10.09.2003;28.05.2004;11.10.2004;2.903;0.66;-1.47;-0.82;
2005;RGI60-08.00449;2768;11.10.2004;13.05.2005;30.09.2005;2.903;1.35;-1.61;-0.26;
2006;RGI60-08.00449;2768;30.09.2005;30.05.2006;22.09.2006;2.903;0.73;-2.72;-1.99;
2007;RGI60-08.00449;2768;22.09.2006;02.05.2007;11.09.2007;2.903;1.03;-1.68;-0.65;
2008;RGI60-08.00449;2768;11.09.2007;06.05.2008;18.09.2008;2.903;1.42;-1.45;-0.03;
2009;RGI60-08.00449;2768;18.09.2008;12.05.2009;16.09.2009;2.903;1.30;-1.53;-0.23;
2010;RGI60-08.00449;2768;16.09.2009;07.05.2010;28.09.2010;2.903;0.75;-2.08;-1.34;
2011;RGI60-08.00449;2768;28.09.2010;05.05.2011;14.09.2011;2.903;0.83;-2.87;-2.04;
2012;RGI60-08.00449;2768;14.09.2011;02.05.2012;20.09.2012;2.903;1.21;-1.22;-0.02;
2013;RGI60-08.00449;2768;20.09.2012;24.05.2013;10.09.2013;2.903;1.05;-1.83;-0.78;
2014;RGI60-08.00449;2768;10.09.2013;02.04.2014;16.09.2014;2.903;1.11;-2.33;-1.22;
2015;RGI60-08.00449;2768;16.09.2014;29.04.2015;23.09.2015;2.903;1.21;-0.74;0.49;
2016;RGI60-08.00449;2768;23.09.2015;13.05.2016;12.09.2016;2.903;1.21;-1.54;-0.34;
2017;RGI60-08.00449;2768;12.09.2016;03.05.2017;19.09.2017;2.903;0.73;-1.32;-0.59;
2018;RGI60-08.00449;2768;19.09.2017;23.05.2018;16.10.2018;2.903;0.90;-2.53;-1.63;
2019;RGI60-08.00449;2768;16.10.2018;30.04.2019;23.09.2019;2.656;0.60;-2.47;-1.87;
2020;RGI60-08.00449;2768;23.09.2019;21.04.2020;28.09.2020;2.656;1.38;-1.82;-0.44;
2021;RGI60-08.00449;2768;28.09.2020;29.04.2021;26.09.2021;2.656;1.10;-2.38;-1.28;
2022;RGI60-08.00449;2768;26.09.2021;20.04.2022;20.09.2022;2.656;0.80;-1.74;-0.94;
1968;RGI60-08.01013;2769;05.10.1967;12.04.1968;17.09.1968;8.745;1.56;-1.66;-0.10;
1969;RGI60-08.01013;2769;17.09.1968;10.05.1969;02.10.1969;8.745;0.84;-2.35;-1.50;
1970;RGI60-08.01013;2769;02.10.1969;01.04.1970;29.10.1970;8.745;0.77;-1.68;-0.91;
1971;RGI60-08.01013;2769;29.10.1970;01.05.1971;22.10.1971;8.745;1.16;-1.48;-0.32;
1972;RGI60-08.01013;2769;22.10.1971;25.04.1972;09.08.1972;8.745;0.99;-1.56;-0.58;
1962;NA;2770;;01.05.1962;01.10.1962;3.57;1.15;-0.35;0.80;
1963;NA;2770;01.10.1962;01.05.1963;01.10.1963;3.57;0.85;-1.71;-0.86;
1968;RGI60-08.00966;2772;;15.04.1968;18.09.1968;9.169;1.67;-1.48;0.19;
1969;RGI60-08.00966;2772;18.09.1968;07.05.1969;01.10.1969;9.169;0.95;-2.14;-1.19;
1970;RGI60-08.00966;2772;01.10.1969;02.04.1970;28.10.1970;9.169;0.80;-1.59;-0.80;
1971;RGI60-08.00966;2772;28.10.1970;04.05.1971;21.10.1971;9.169;1.23;-1.23;0.00;
1972;RGI60-08.00966;2772;21.10.1971;25.04.1972;08.12.1972;9.169;1.13;-1.54;-0.42;
1966;NA;2919;;01.05.1966;01.09.1966;1.5;1.44;-2.28;-0.84;
1967;NA;2919;;01.05.1967;01.09.1967;1.5;2.21;-1.72;0.49;
1968;NA;2919;;01.05.1968;01.09.1968;1.5;2.20;-2.38;-0.18;
1969;NA;2919;;01.05.1969;01.09.1969;1.5;1.09;-3.68;-2.59;
1970;NA;2919;;01.05.1970;01.09.1970;1.5;1.12;-2.62;-1.50;
2000;NA;2964;01.10.1999;05.05.2000;01.10.2000;7.07;2.90;-1.57;1.32;
2001;NA;2964;05.01.2001;05.05.2001;20.09.2001;6.691;1.26;-1.90;-0.64;
1963;RGI60-08.01779;2968;01.10.1962;25.04.1963;01.10.1963;17.569;1.16;-2.58;-1.42;
1964;RGI60-08.01779;2968;01.10.1963;01.05.1964;29.09.1964;17.604;1.37;-0.92;0.45;
1965;RGI60-08.01779;2968;29.09.1964;01.05.1965;04.10.1965;17.604;1.88;-1.37;0.51;
1966;RGI60-08.01779;2968;04.10.1965;10.05.1966;14.10.1966;17.604;1.35;-1.99;-0.64;
1967;RGI60-08.01779;2968;14.10.1966;15.05.1967;07.09.1967;17.604;2.44;-1.27;1.17;
1968;RGI60-08.01779;2968;07.09.1967;17.05.1968;01.10.1968;17.604;2.67;-2.17;0.50;
1969;RGI60-08.01779;2968;01.10.1968;05.05.1969;12.09.1969;17.604;1.06;-3.00;-1.93;
1970;RGI60-08.01779;2968;12.09.1969;01.05.1970;01.10.1970;17.604;1.28;-1.90;-0.62;
1971;RGI60-08.01779;2968;01.10.1970;01.05.1971;01.10.1971;17.604;1.95;-1.27;0.68;
1972;RGI60-08.01779;2968;01.10.1971;01.05.1972;01.10.1972;17.604;1.78;-1.83;-0.05;
1973;RGI60-08.01779;2968;01.10.1972;05.05.1973;01.10.1973;17.604;2.62;-1.80;0.83;
1974;RGI60-08.01779;2968;01.10.1973;01.05.1974;01.10.1974;17.604;1.91;-1.52;0.39;
1975;RGI60-08.01779;2968;01.10.1974;01.05.1975;01.10.1975;17.604;2.25;-2.11;0.14;
1976;RGI60-08.01779;2968;01.10.1975;01.05.1976;01.10.1976;17.604;2.45;-2.30;0.15;
1977;RGI60-08.01779;2968;01.10.1976;01.05.1977;01.10.1977;17.604;1.18;-1.97;-0.79;
1978;RGI60-08.01779;2968;01.10.1977;01.05.1978;01.10.1978;17.5;1.80;-2.10;-0.30;
1979;RGI60-08.01779;2968;01.10.1978;01.05.1979;01.10.1979;17;2.40;-2.10;0.30;
1980;RGI60-08.01779;2968;01.10.1979;01.05.1980;01.10.1980;17;1.45;-2.85;-1.40;
1981;RGI60-08.01779;2968;01.10.1980;01.05.1981;01.10.1981;17;2.65;-1.80;0.85;
1982;RGI60-08.01779;2968;01.10.1981;07.05.1982;01.10.1982;17;1.40;-2.10;-0.70;
1983;RGI60-08.01779;2968;01.10.1982;01.05.1983;01.10.1983;17;3.75;-2.05;1.70;
1984;RGI60-08.01779;2968;01.10.1983;01.05.1984;01.09.1984;17;2.05;-2.15;-0.10;
1985;RGI60-08.01779;2968;01.09.1984;01.05.1985;01.09.1985;17.63;1.61;-1.96;-0.35;
1986;RGI60-08.01779;2968;01.09.1985;01.05.1986;01.09.1986;17.63;1.48;-1.56;-0.08;
1987;RGI60-08.01779;2968;01.09.1986;11.05.1987;01.09.1987;17.63;2.09;-1.13;0.94;
1988;RGI60-08.01779;2968;01.09.1987;06.05.1988;14.09.1988;17.63;1.62;-3.10;-1.48;
1989;RGI60-08.01779;2968;14.09.1988;15.04.1989;05.10.1989;17.63;3.49;-1.38;2.12;
1990;RGI60-08.01779;2968;05.10.1989;20.04.1990;07.09.1990;17.63;3.66;-1.71;1.95;
1991;RGI60-08.01779;2968;07.09.1990;13.04.1991;14.10.1991;17.63;1.52;-1.62;-0.10;
1992;RGI60-08.01779;2968;14.10.1991;16.04.1992;17.09.1992;17.63;3.52;-1.69;1.83;
1993;RGI60-08.01779;2968;19.09.1992;19.05.1993;07.09.1993;17.63;2.82;-0.90;1.92;
1994;RGI60-08.01779;2968;07.09.1993;05.05.1994;10.10.1994;17.63;1.80;-1.62;0.18;
1995;RGI60-08.01779;2968;10.10.1994;23.05.1995;09.10.1995;17.63;2.45;-2.13;0.32;
1996;RGI60-08.01779;2968;01.10.1995;22.05.1996;28.10.1996;17.63;0.86;-2.37;-1.51;
1997;RGI60-08.01779;2968;28.10.1996;30.05.1997;25.11.1997;17.63;2.74;-3.64;-0.90;
1998;RGI60-08.01779;2968;25.11.1997;28.05.1998;23.09.1998;17.63;2.22;-1.97;0.25;
1999;RGI60-08.01779;2968;23.09.1998;19.05.1999;06.10.1999;17.63;1.82;-2.20;-0.39;
2000;RGI60-08.01779;2968;06.10.1999;11.05.2000;13.09.2000;17.63;2.64;-1.82;0.82;
2001;RGI60-08.01779;2968;13.09.2000;09.05.2001;18.10.2001;17.63;1.03;-2.16;-1.13;
2002;RGI60-08.01779;2968;10.10.2001;10.05.2002;23.09.2002;17.63;2.19;-3.33;-1.14;
2003;RGI60-08.01779;2968;23.09.2002;16.06.2003;14.10.2003;17.264;1.18;-2.98;-1.80;
2004;RGI60-08.01779;2968;14.10.2003;26.05.2004;06.10.2004;17.264;1.66;-2.02;-0.36;
2005;RGI60-08.01779;2968;06.10.2004;11.05.2005;07.10.2005;17.264;2.54;-2.25;0.30;
2006;RGI60-08.01779;2968;07.10.2005;09.05.2006;10.10.2006;17.264;0.80;-3.46;-2.66;
2007;RGI60-08.01779;2968;10.10.2006;05.06.2007;03.10.2007;17.264;2.83;-2.10;0.73;
2008;RGI60-08.01779;2968;03.10.2007;21.05.2008;30.10.2008;17.264;2.37;-2.34;0.04;
2009;RGI60-08.01779;2968;30.10.2008;29.05.2009;14.10.2009;17.264;2.14;-2.43;-0.29;
2010;RGI60-08.01779;2968;14.10.2009;01.06.2010;08.10.2010;17.264;1.14;-3.01;-1.87;
2011;RGI60-08.01779;2968;08.10.2010;01.06.2011;10.11.2011;17.264;2.12;-3.40;-1.28;
2012;RGI60-08.01779;2968;10.11.2011;23.05.2012;05.10.2012;17.264;2.65;-1.74;0.91;
2013;RGI60-08.01779;2968;05.10.2012;08.05.2013;26.09.2013;17.264;1.61;-2.84;-1.23;
2014;RGI60-08.01779;2968;26.09.2013;20.05.2014;23.10.2014;17.264;2.17;-3.46;-1.30;
2015;RGI60-08.01779;2968;23.10.2014;16.06.2015;14.10.2015;17.264;3.00;-1.83;1.17;
2016;RGI60-08.01779;2968;14.10.2015;10.05.2016;30.09.2016;17.264;2.24;-2.63;-0.39;
2017;RGI60-08.01779;2968;30.09.2016;27.06.2017;18.10.2017;17.264;2.26;-1.62;0.64;
2018;RGI60-08.01779;2968;18.10.2017;24.05.2018;22.11.2018;17.264;1.94;-3.22;-1.28;
2019;RGI60-08.01779;2968;22.11.2018;15.05.2019;05.11.2019;17.264;1.75;-2.52;-0.77;
2020;RGI60-08.01779;2968;05.11.2019;20.05.2020;14.10.2020;17.086;3.04;-2.41;0.64;
2021;RGI60-08.01779;2968;14.10.2020;28.05.2021;28.09.2021;17.086;1.76;-3.29;-1.53;
2022;RGI60-08.01779;2968;28.09.2021;24.06.2022;20.10.2022;17.086;2.33;-2.24;0.09;
1970;NA;3119;;01.05.1970;01.09.1970;8.63;2.07;-2.69;-0.62;
1971;NA;3119;01.09.1970;10.04.1971;01.09.1971;8.63;2.33;-1.96;0.37;
1963;RGI60-08.02966;3126;;27.04.1963;02.10.1963;2.309;1.14;-3.44;-2.30;
1964;RGI60-08.02966;3126;02.10.1963;04.05.1964;04.10.1964;2.309;1.93;-1.76;0.17;
1965;RGI60-08.02966;3126;04.10.1964;27.03.1965;08.10.1965;2.309;1.87;-2.69;-0.82;
1966;RGI60-08.02966;3126;08.10.1965;01.06.1966;28.10.1966;2.309;1.58;-3.52;-1.94;
1967;RGI60-08.02966;3126;28.10.1966;29.04.1967;24.11.1967;2.309;3.09;-2.30;0.79;
1968;RGI60-08.02966;3126;24.11.1967;01.06.1968;06.11.1968;2.309;2.54;-3.16;-0.62;
1964;RGI60-08.02963;3127;13.09.1963;04.05.1964;04.10.1964;9.686;1.93;-1.62;0.31;
1965;RGI60-08.02963;3127;04.10.1964;27.03.1965;09.10.1965;9.686;1.95;-2.32;-0.37;
1966;RGI60-08.02963;3127;09.10.1965;18.04.1966;28.10.1966;9.686;1.54;-2.88;-1.34;
1967;RGI60-08.02963;3127;28.10.1966;29.04.1967;24.11.1967;9.686;3.00;-1.70;1.30;
1968;RGI60-08.02963;3127;24.11.1967;15.03.1968;06.10.1968;9.686;3.46;-2.84;0.62;
1974;RGI60-08.02963;3127;;22.05.1974;09.10.1974;9.686;2.17;-1.55;0.62;
1975;RGI60-08.02963;3127;09.10.1974;27.04.1975;07.09.1975;9.686;2.57;-2.28;0.28;
2003;RGI60-08.02963;3127;09.10.2002;31.05.2003;20.09.2003;8.411;1.91;-4.09;-2.18;
2004;RGI60-08.02963;3127;20.09.2003;27.05.2004;29.09.2004;8.411;2.05;-2.82;-0.76;
2005;RGI60-08.02963;3127;29.09.2004;26.04.2005;07.10.2005;8.411;3.15;-3.13;0.02;
2006;RGI60-08.02963;3127;07.10.2005;28.04.2006;10.10.2006;8.411;1.40;-4.55;-3.15;
2007;RGI60-08.02963;3127;10.10.2006;27.04.2007;27.09.2007;8.411;3.60;-2.85;0.75;
2008;RGI60-08.02963;3127;27.09.2007;22.04.2008;23.09.2008;8.411;2.66;-2.80;-0.14;
2009;RGI60-08.02963;3127;23.09.2008;29.04.2009;13.10.2009;8.411;2.34;-2.88;-0.54;
2010;RGI60-08.02963;3127;13.10.2009;05.05.2010;28.09.2010;8.411;1.51;-3.35;-1.84;
2011;RGI60-08.02963;3127;28.09.2010;29.04.2011;01.10.2011;8.048;1.89;-4.09;-2.20;
2012;RGI60-08.02963;3127;01.10.2011;02.05.2012;12.10.2012;8.048;2.94;-1.73;1.21;
2013;RGI60-08.02963;3127;12.10.2012;01.05.2013;24.09.2013;8.048;NA;NA;-1.15;
1963;RGI60-08.02962;3128;;27.04.1963;02.10.1963;3.922;1.11;-2.40;-1.28;
1964;RGI60-08.02962;3128;02.10.1963;03.05.1964;01.10.1964;3.922;1.79;-1.71;0.08;
1965;RGI60-08.02962;3128;01.10.1964;25.03.1965;10.10.1965;3.922;1.70;-2.26;-0.56;
1966;RGI60-08.02962;3128;10.10.1965;15.04.1966;25.10.1966;3.922;1.55;-3.23;-1.68;
1967;RGI60-08.02962;3128;25.10.1966;01.05.1967;24.11.1967;3.922;2.94;-1.72;1.23;
1968;RGI60-08.02962;3128;24.11.1967;15.03.1968;06.11.1968;3.922;3.44;-2.69;0.75;
2003;RGI60-08.02962;3128;09.10.2002;31.05.2003;20.09.2003;3.37;2.12;-4.38;-2.26;
2004;RGI60-08.02962;3128;20.09.2003;27.05.2004;29.09.2004;3.37;2.25;-3.12;-0.87;
2005;RGI60-08.02962;3128;29.09.2004;27.04.2005;07.10.2005;3.37;3.04;-3.37;-0.33;
2006;RGI60-08.02962;3128;07.10.2005;28.04.2006;10.10.2006;3.37;1.49;-4.44;-2.95;
2007;RGI60-08.02962;3128;10.10.2006;27.04.2007;27.09.2007;3.37;3.54;-3.07;0.47;
2008;RGI60-08.02962;3128;27.09.2007;22.04.2008;23.09.2008;3.37;2.66;-2.96;-0.30;
2009;RGI60-08.02962;3128;23.09.2008;29.04.2009;13.10.2009;3.37;2.47;-2.98;-0.52;
2010;RGI60-08.02962;3128;13.10.2009;05.05.2010;28.09.2010;3.37;1.60;-3.50;-1.91;
2011;RGI60-08.02962;3128;28.09.2010;29.04.2011;01.10.2011;3.211;1.88;-4.16;-2.28;
2012;RGI60-08.02962;3128;01.10.2011;02.05.2012;12.10.2012;3.211;3.19;-2.06;1.13;
2013;RGI60-08.02962;3128;12.10.2012;01.05.2013;24.09.2013;3.211;NA;NA;-1.11;
1964;RGI60-08.02643;3129;;28.05.1964;04.10.1964;1.848;2.23;-1.55;0.68;
1965;RGI60-08.02643;3129;04.10.1964;28.03.1965;08.10.1965;1.848;1.90;-2.08;-0.18;
1966;RGI60-08.02643;3129;08.10.1965;01.06.1966;28.10.1966;1.848;1.80;-3.13;-1.33;
1967;RGI60-08.02643;3129;28.10.1966;29.04.1967;24.11.1967;1.848;3.24;-2.04;1.19;
1968;RGI60-08.02643;3129;24.11.1967;01.06.1968;06.11.1968;1.848;3.25;-2.56;0.70;
1977;RGI60-08.02916;3133;;11.05.1977;20.09.1977;10.674;1.86;-3.00;-1.14;
1978;RGI60-08.02916;3133;20.09.1977;08.05.1978;28.08.1978;10.674;2.37;-2.90;-0.52;
1979;RGI60-08.02916;3133;28.08.1978;09.05.1979;01.10.1979;10.674;2.84;-2.65;0.20;
1980;RGI60-08.02916;3133;01.10.1979;24.04.1980;24.11.1980;10.674;2.33;-2.82;-0.49;
1981;RGI60-08.02916;3133;24.11.1980;30.04.1981;27.08.1981;10.674;3.38;-2.06;1.32;
1970;RGI60-08.02918;3137;;01.05.1970;01.09.1970;45.72;NA;NA;NA;
1971;RGI60-08.02918;3137;;10.04.1971;18.09.1971;45.72;2.86;-1.87;0.98;
1972;RGI60-08.02918;3137;18.09.1971;01.05.1972;12.09.1972;45.72;NA;NA;0.33;
1973;RGI60-08.02918;3137;12.09.1972;01.05.1973;04.10.1973;45.72;NA;NA;1.57;
1974;RGI60-08.02918;3137;04.10.1973;01.05.1974;10.10.1974;45.72;NA;NA;0.52;
2007;RGI60-08.02918;3137;;28.04.2007;28.09.2007;22.453;3.66;-2.59;1.07;
2008;RGI60-08.02918;3137;28.09.2007;21.04.2008;23.09.2008;22.453;3.17;-2.70;0.47;
2009;RGI60-08.02918;3137;23.09.2008;29.04.2009;13.10.2009;22.453;3.13;-3.02;0.11;
2010;RGI60-08.02918;3137;13.10.2009;04.05.2010;28.09.2010;22.453;1.55;-3.34;-1.79;
2011;RGI60-08.02918;3137;28.09.2010;28.04.2011;01.10.2011;22.346;2.43;-3.89;-1.46;
2012;RGI60-08.02918;3137;01.10.2011;03.05.2012;12.10.2012;22.346;3.17;-2.13;1.04;
2013;RGI60-08.02918;3137;12.10.2012;29.05.2013;24.09.2013;22.346;2.43;-3.36;-0.93;
2014;RGI60-08.02918;3137;24.09.2013;24.04.2014;14.10.2014;22.346;3.11;-3.81;-0.70;
2015;RGI60-08.02918;3137;14.10.2014;22.04.2015;14.10.2015;22.346;3.26;-1.67;1.58;
2016;RGI60-08.02918;3137;14.10.2015;28.04.2016;06.10.2016;22.337;3.13;-3.37;-0.24;
2017;RGI60-08.02918;3137;06.10.2016;02.05.2017;09.10.2017;22.337;2.79;-2.95;-0.16;
2017;RGI60-08.02920;3138;06.10.2016;02.05.2017;09.10.2017;15.488;3.13;-3.00;0.14;
2007;RGI60-08.02969;3141;;27.04.2007;28.09.2007;22.768;3.55;-2.42;1.13;
2008;RGI60-08.02969;3141;28.09.2007;21.04.2008;23.09.2008;22.768;2.92;-2.26;0.66;
2009;RGI60-08.02969;3141;23.09.2008;29.04.2009;13.10.2009;22.768;3.05;-2.64;0.41;
2010;RGI60-08.02969;3141;13.10.2009;04.05.2010;28.09.2010;22.768;1.57;-3.19;-1.62;
2011;RGI60-08.02969;3141;28.09.2010;28.04.2011;01.10.2011;22.541;2.14;-3.62;-1.47;
2012;RGI60-08.02969;3141;01.10.2011;03.05.2012;12.10.2012;22.541;2.98;-2.04;0.94;
2013;RGI60-08.02969;3141;12.10.2012;29.05.2013;24.09.2013;22.541;2.49;-3.29;-0.80;
2014;RGI60-08.02969;3141;24.09.2013;24.04.2014;14.10.2014;22.541;2.94;-3.68;-0.74;
2015;RGI60-08.02969;3141;14.10.2014;22.04.2015;14.10.2015;22.541;2.90;-1.54;1.36;
2016;RGI60-08.02969;3141;14.10.2015;28.04.2016;06.10.2016;22.539;2.92;-2.85;0.07;
2017;RGI60-08.02969;3141;06.10.2016;02.05.2017;09.10.2017;22.539;2.57;-2.92;-0.35;
