ID,Year,Ba,Bw,Bs
RGI60-08.02650,1980,-1.2965,2.1336000000000004,-3.4301000000000004
RGI60-08.02650,1981,1.0600999999999998,3.4972999999999996,-2.4372000000000003
RGI60-08.02650,1982,0.3777000000000002,2.7355,-2.3578
RGI60-08.02650,1983,1.0840999999999994,3.2312,-2.1471
RGI60-08.02650,1984,1.1511,3.6574,-2.5063
RGI60-08.02650,1985,-0.15519999999999995,2.3199,-2.4751
RGI60-08.02650,1986,-0.0895999999999999,1.4773,-1.5668999999999997
RGI60-08.02650,1987,1.2563000000000004,3.2617000000000003,-2.0054
RGI60-08.02650,1988,-1.6143,1.8567999999999998,-3.4711
RGI60-08.02650,1989,2.2005999999999992,4.161199999999999,-1.9606
RGI60-08.02650,1990,1.9362000000000004,4.639,-2.7028
RGI60-08.02650,1991,0.06930000000000014,2.3925,-2.3232
RGI60-08.02650,1992,0.8885999999999998,3.7022,-2.8136
RGI60-08.02650,1993,1.7311000000000003,3.8288,-2.0977
RGI60-08.02650,1994,0.23530000000000034,2.6900000000000004,-2.4547
RGI60-08.02650,1995,1.5902,3.9984999999999995,-2.4082999999999997
RGI60-08.02650,1996,-1.6919999999999997,1.1912,-2.8832
RGI60-08.02650,1997,0.028600000000000292,3.1591,-3.1305
RGI60-08.02650,1998,0.5015999999999999,2.9107,-2.4091
RGI60-08.02650,1999,0.6516999999999998,3.3579,-2.7062
RGI60-08.02650,2000,1.3079999999999998,4.0404,-2.7324
RGI60-08.02650,2001,-2.2256,1.0641,-3.2897
RGI60-08.02650,2002,-2.0806,2.1481999999999997,-4.2288
RGI60-08.02650,2003,-1.8627999999999998,1.9118000000000002,-3.7746
RGI60-08.02650,2004,-0.5659999999999995,2.6466000000000003,-3.2125999999999997
RGI60-08.02650,2005,0.9694,3.4127,-2.4433
RGI60-08.02650,2006,-2.7135,2.0540000000000003,-4.7675
RGI60-08.02650,2007,0.6309999999999998,3.3059,-2.6748999999999996
RGI60-08.02650,2008,-0.7083000000000002,2.8929,-3.6012
RGI60-08.02650,2009,-0.4135000000000001,2.8788,-3.2923
RGI60-08.02650,2010,-1.6940999999999997,1.5672000000000001,-3.2613000000000003
RGI60-08.02650,2011,-0.7525000000000003,2.6226,-3.3750999999999998
RGI60-08.02650,2012,0.2737999999999999,2.6359,-2.3621
RGI60-08.02650,2013,-1.1687999999999996,2.2102000000000004,-3.379
RGI60-08.02650,2014,-1.6231999999999995,2.4315,-4.0546999999999995
RGI60-08.02650,2015,0.6317000000000003,2.9554000000000005,-2.3237
RGI60-08.02650,2016,-0.6660999999999997,2.8768000000000002,-3.5429
RGI60-08.02650,2017,-0.1673,2.9433,-3.1106
RGI60-08.02650,2018,-1.8563,2.1582,-4.0145
RGI60-08.02650,2019,-2.4791,1.5033,-3.9824
RGI60-08.02666,1980,-1.0288999999999997,2.152,-3.1809
RGI60-08.02666,1981,1.2091000000000003,3.5115000000000003,-2.3024
RGI60-08.02666,1982,0.5334999999999999,2.7481999999999998,-2.2146999999999997
RGI60-08.02666,1983,1.2729000000000004,3.2885,-2.0156
RGI60-08.02666,1984,1.3123999999999998,3.6786,-2.3662
RGI60-08.02666,1985,0.07760000000000028,2.3593,-2.2817
RGI60-08.02666,1986,0.1764,1.5442,-1.3678000000000001
RGI60-08.02666,1987,1.4226,3.3052,-1.8826
RGI60-08.02666,1988,-1.2626999999999997,1.8933000000000002,-3.156
RGI60-08.02666,1989,2.3828,4.2034,-1.8206
RGI60-08.02666,1990,2.1147,4.671600000000001,-2.5569
RGI60-08.02666,1991,0.2564,2.4314,-2.1750000000000003
RGI60-08.02666,1992,1.0874000000000001,3.7426,-2.6552
RGI60-08.02666,1993,1.8697999999999992,3.8431999999999995,-1.9734
RGI60-08.02666,1994,0.3933999999999998,2.7051999999999996,-2.3118
RGI60-08.02666,1995,1.7461000000000002,4.0173,-2.2712
RGI60-08.02666,1996,-1.3878000000000001,1.2393999999999998,-2.6272
RGI60-08.02666,1997,0.25650000000000023,3.2145,-2.958
RGI60-08.02666,1998,0.6654000000000001,2.9306,-2.2652
RGI60-08.02666,1999,0.8360999999999998,3.3806,-2.5445
RGI60-08.02666,2000,1.5131999999999994,4.095899999999999,-2.5827
RGI60-08.02666,2001,-1.8906999999999998,1.093,-2.9837
RGI60-08.02666,2002,-1.6984999999999997,2.2236000000000002,-3.9220999999999995
RGI60-08.02666,2003,-1.4846,1.9338,-3.4184
RGI60-08.02666,2004,-0.2768999999999998,2.6710000000000003,-2.9478999999999997
RGI60-08.02666,2005,1.1846999999999999,3.4722999999999997,-2.2876
RGI60-08.02666,2006,-2.2822999999999998,2.0874,-4.3697
RGI60-08.02666,2007,0.8783999999999995,3.3820999999999994,-2.5037
RGI60-08.02666,2008,-0.40110000000000057,2.9440999999999997,-3.3451999999999997
RGI60-08.02666,2009,-0.12040000000000017,2.9358,-3.0562
RGI60-08.02666,2010,-1.3612,1.5952,-2.9564
RGI60-08.02666,2011,-0.3923,2.6886,-3.0808999999999997
RGI60-08.02666,2012,0.5303,2.7407,-2.2104
RGI60-08.02666,2013,-0.9205999999999999,2.2299,-3.1505
RGI60-08.02666,2014,-1.2538000000000002,2.5069,-3.7607
RGI60-08.02666,2015,0.8575000000000004,3.0338,-2.1763
RGI60-08.02666,2016,-0.3738999999999998,2.9137,-3.2876000000000003
RGI60-08.02666,2017,0.06909999999999994,3.0193,-2.9502
RGI60-08.02666,2018,-1.4157999999999997,2.2546000000000004,-3.6704000000000003
RGI60-08.02666,2019,-2.0369,1.6120999999999999,-3.649
RGI60-08.02966,1980,-2.3237,1.581,-3.9047
RGI60-08.02966,1981,0.5065000000000001,2.9497,-2.4432
RGI60-08.02966,1982,-0.43330000000000035,2.0797,-2.513
RGI60-08.02966,1983,0.8642999999999995,3.0533999999999994,-2.1891
RGI60-08.02966,1984,0.1700000000000001,2.9273,-2.7573000000000003
RGI60-08.02966,1985,-0.1318999999999998,2.0072,-2.1391
RGI60-08.02966,1986,0.1405999999999995,1.6107999999999998,-1.4702000000000002
RGI60-08.02966,1987,0.7724000000000001,2.4525,-1.6801
RGI60-08.02966,1988,-1.6963,1.8072000000000001,-3.5035000000000003
RGI60-08.02966,1989,1.484899999999999,3.4678999999999998,-1.9830000000000003
RGI60-08.02966,1990,1.5618000000000003,3.9267000000000003,-2.3649
RGI60-08.02966,1991,-0.5528999999999997,1.9725000000000001,-2.5254000000000003
RGI60-08.02966,1992,0.46160000000000057,2.9900000000000007,-2.5284
RGI60-08.02966,1993,1.0267000000000002,3.168,-2.1413
RGI60-08.02966,1994,-0.17750000000000032,2.2512999999999996,-2.4288000000000003
RGI60-08.02966,1995,-0.01960000000000045,2.7873999999999994,-2.807
RGI60-08.02966,1996,-1.7906,1.2313,-3.0218999999999996
RGI60-08.02966,1997,-0.46780000000000005,2.8636,-3.3314
RGI60-08.02966,1998,-0.17240000000000033,2.3676,-2.54
RGI60-08.02966,1999,-0.44320000000000015,2.5439,-2.9871
RGI60-08.02966,2000,0.6154999999999996,3.3007,-2.6852
RGI60-08.02966,2001,-2.3376,1.1133,-3.4509
RGI60-08.02966,2002,-2.341,2.0208999999999997,-4.3619
RGI60-08.02966,2003,-2.112,1.4797,-3.5917
RGI60-08.02966,2004,-1.2267000000000001,1.8841999999999999,-3.1109
RGI60-08.02966,2005,0.4652000000000002,2.9232,-2.4579999999999997
RGI60-08.02966,2006,-3.263,1.6075,-4.8705
RGI60-08.02966,2007,0.6670999999999998,2.8773,-2.2102
RGI60-08.02966,2008,-0.5012000000000006,2.8302999999999994,-3.3315
RGI60-08.02966,2009,-0.7257000000000001,2.3925,-3.1182000000000003
RGI60-08.02966,2010,-2.2881,1.3485,-3.6366
RGI60-08.02966,2011,-1.282,1.9253,-3.2073
RGI60-08.02966,2012,0.81,2.8216,-2.0116
RGI60-08.02966,2013,-1.0259,1.9453999999999998,-2.9713
RGI60-08.02966,2014,-1.2802999999999998,2.5139,-3.7942
RGI60-08.02966,2015,0.843,2.4697,-1.6267
RGI60-08.02966,2016,-0.5114000000000002,2.6929,-3.2043
RGI60-08.02966,2017,-0.10850000000000015,2.4983,-2.6068
RGI60-08.02966,2018,-1.3652999999999995,2.4953000000000003,-3.8606000000000003
RGI60-08.02966,2019,-1.2026,1.9399000000000002,-3.1425
RGI60-08.02643,1980,-2.1288,1.6057,-3.7345
RGI60-08.02643,1981,0.6683000000000001,2.98,-2.3117
RGI60-08.02643,1982,-0.16660000000000033,2.1132999999999997,-2.2799
RGI60-08.02643,1983,1.0787000000000007,3.1260000000000003,-2.0473
RGI60-08.02643,1984,0.3794999999999997,2.9821,-2.6026
RGI60-08.02643,1985,0.15450000000000005,2.0659,-1.9114
RGI60-08.02643,1986,0.4337,1.6983000000000001,-1.2646000000000002
RGI60-08.02643,1987,0.9557000000000004,2.4896000000000003,-1.5339
RGI60-08.02643,1988,-1.3656000000000001,1.8889999999999998,-3.2546000000000004
RGI60-08.02643,1989,1.6386000000000003,3.5177,-1.8790999999999998
RGI60-08.02643,1990,1.7346,3.974,-2.2394000000000003
RGI60-08.02643,1991,-0.30549999999999994,2.0026,-2.3081
RGI60-08.02643,1992,0.6871999999999996,3.0390999999999995,-2.3519
RGI60-08.02643,1993,1.1696,3.2069,-2.0373
RGI60-08.02643,1994,0.048699999999999966,2.2923,-2.2436
RGI60-08.02643,1995,0.18230000000000018,2.8275,-2.6452
RGI60-08.02643,1996,-1.4131999999999998,1.3334000000000001,-2.7466
RGI60-08.02643,1997,-0.2552,2.9445,-3.1997
RGI60-08.02643,1998,0.05930000000000024,2.4001,-2.3407999999999998
RGI60-08.02643,1999,-0.18769999999999987,2.5888999999999998,-2.7765999999999997
RGI60-08.02643,2000,0.8244999999999998,3.3590999999999998,-2.5346
RGI60-08.02643,2001,-2.0273000000000003,1.2132999999999998,-3.2405999999999997
RGI60-08.02643,2002,-1.9445000000000001,2.1098999999999997,-4.0544
RGI60-08.02643,2003,-1.9060999999999997,1.5124000000000002,-3.4185
RGI60-08.02643,2004,-0.9071999999999999,1.9184,-2.8256
RGI60-08.02643,2005,0.6583999999999997,2.9829999999999997,-2.3245999999999998
RGI60-08.02643,2006,-2.9859,1.7037,-4.6896
RGI60-08.02643,2007,0.9155000000000001,2.9675,-2.052
RGI60-08.02643,2008,-0.23139999999999972,2.9217000000000004,-3.1531000000000002
RGI60-08.02643,2009,-0.39290000000000036,2.4610999999999996,-2.854
RGI60-08.02643,2010,-2.0277000000000003,1.3842999999999999,-3.412
RGI60-08.02643,2011,-0.9326999999999999,1.9921,-2.9248
RGI60-08.02643,2012,1.0668999999999997,2.9109,-1.844
RGI60-08.02643,2013,-0.7335999999999999,1.9804000000000002,-2.7140000000000004
RGI60-08.02643,2014,-0.9526000000000001,2.6138999999999997,-3.5665
RGI60-08.02643,2015,1.0462,2.5716,-1.5254
RGI60-08.02643,2016,-0.2490000000000001,2.7595,-3.0084999999999997
RGI60-08.02643,2017,0.1372000000000002,2.5532000000000004,-2.416
RGI60-08.02643,2018,-1.1045999999999998,2.5688,-3.6734
RGI60-08.02643,2019,-0.8903000000000002,1.9887,-2.879
RGI60-08.02962,1980,-1.8631,1.5994000000000002,-3.4625000000000004
RGI60-08.02962,1981,0.7571000000000006,2.9660000000000006,-2.2089
RGI60-08.02962,1982,-0.05949999999999969,2.1043000000000003,-2.1638
RGI60-08.02962,1983,1.1539999999999995,3.1021,-1.9481000000000002
RGI60-08.02962,1984,0.5002000000000004,2.9685,-2.4682999999999997
RGI60-08.02962,1985,0.21860000000000002,2.0516,-1.833
RGI60-08.02962,1986,0.4592999999999997,1.6482999999999997,-1.189
RGI60-08.02962,1987,1.0036999999999996,2.4760999999999997,-1.4724
RGI60-08.02962,1988,-1.2628,1.8778000000000001,-3.1406
RGI60-08.02962,1989,1.7185000000000004,3.4976000000000003,-1.7791
RGI60-08.02962,1990,1.8110000000000002,3.9544,-2.1434
RGI60-08.02962,1991,-0.19309999999999983,1.9932,-2.1863
RGI60-08.02962,1992,0.7744999999999995,3.0260999999999996,-2.2516
RGI60-08.02962,1993,1.2424999999999997,3.1898,-1.9473000000000003
RGI60-08.02962,1994,0.13499999999999984,2.281,-2.146
RGI60-08.02962,1995,0.3198000000000005,2.8115000000000006,-2.4917000000000002
RGI60-08.02962,1996,-1.4249999999999998,1.2825,-2.7074999999999996
RGI60-08.02962,1997,-0.10340000000000021,2.9156,-3.019
RGI60-08.02962,1998,0.16600000000000026,2.3889,-2.2229
RGI60-08.02962,1999,-0.06850000000000023,2.5692,-2.6376999999999997
RGI60-08.02962,2000,0.9300999999999996,3.3451,-2.415
RGI60-08.02962,2001,-1.8413,1.2038,-3.0450999999999997
RGI60-08.02962,2002,-1.6794,2.1029,-3.7822999999999998
RGI60-08.02962,2003,-1.6641,1.5054,-3.1694999999999998
RGI60-08.02962,2004,-0.7222000000000002,1.9115,-2.6337
RGI60-08.02962,2005,0.7945,2.992,-2.1975
RGI60-08.02962,2006,-2.7281000000000004,1.6941,-4.4222
RGI60-08.02962,2007,0.9951000000000004,2.9553000000000003,-1.9602000000000004
RGI60-08.02962,2008,-0.12220000000000009,2.8979,-3.0201000000000002
RGI60-08.02962,2009,-0.2942999999999997,2.4503,-2.7445999999999997
RGI60-08.02962,2010,-1.7865999999999997,1.3776,-3.1642
RGI60-08.02962,2011,-0.8547,1.9819,-2.8366
RGI60-08.02962,2012,1.1579999999999997,2.9248,-1.7668000000000001
RGI60-08.02962,2013,-0.6365999999999998,1.9706000000000001,-2.6071999999999997
RGI60-08.02962,2014,-0.7528999999999998,2.6217,-3.3746
RGI60-08.02962,2015,1.1683999999999994,2.6146,-1.4462
RGI60-08.02962,2016,-0.1326999999999996,2.7368,-2.8695000000000004
RGI60-08.02962,2017,0.2491999999999998,2.545,-2.2958000000000003
RGI60-08.02962,2018,-0.9069999999999999,2.5443000000000002,-3.4513000000000003
RGI60-08.02962,2019,-0.6750999999999999,1.9808999999999999,-2.6559999999999997
RGI60-08.02916,1980,-2.0440000000000005,1.4621999999999997,-3.5062
RGI60-08.02916,1981,0.5744999999999999,2.7224,-2.1479
RGI60-08.02916,1982,-0.17890000000000003,1.9236000000000002,-2.1025
RGI60-08.02916,1983,0.9389999999999998,2.8503,-1.9113
RGI60-08.02916,1984,0.2783999999999997,2.7041,-2.4257
RGI60-08.02916,1985,0.05960000000000015,1.8713,-1.8116999999999999
RGI60-08.02916,1986,0.2745999999999998,1.5223,-1.2477
RGI60-08.02916,1987,0.8163999999999999,2.2585999999999995,-1.4422
RGI60-08.02916,1988,-1.3191000000000002,1.6916999999999998,-3.0108
RGI60-08.02916,1989,1.4470999999999998,3.2049,-1.7577999999999998
RGI60-08.02916,1990,1.5531999999999995,3.6180999999999996,-2.0649
RGI60-08.02916,1991,-0.3153,1.8183,-2.1336
RGI60-08.02916,1992,0.5669999999999997,2.7722,-2.2052
RGI60-08.02916,1993,1.0451000000000001,2.9257,-1.8805999999999998
RGI60-08.02916,1994,0.004100000000000215,2.0837,-2.0795999999999997
RGI60-08.02916,1995,0.08850000000000036,2.5772000000000004,-2.4887
RGI60-08.02916,1996,-1.3743999999999998,1.1879,-2.5622999999999996
RGI60-08.02916,1997,-0.27869999999999984,2.6707,-2.9494
RGI60-08.02916,1998,-0.02990000000000015,2.1888,-2.2187
RGI60-08.02916,1999,-0.2659000000000007,2.3621999999999996,-2.6281
RGI60-08.02916,2000,0.6994999999999998,3.0568,-2.3573
RGI60-08.02916,2001,-1.8436999999999997,1.1029,-2.9466
RGI60-08.02916,2002,-1.8477000000000001,1.9569999999999999,-3.8047000000000004
RGI60-08.02916,2003,-1.7107,1.3743,-3.0850000000000004
RGI60-08.02916,2004,-0.9215000000000001,1.7430999999999999,-2.6646
RGI60-08.02916,2005,0.5237999999999998,2.7100999999999997,-2.1862999999999997
RGI60-08.02916,2006,-2.6915999999999998,1.5452000000000001,-4.2368
RGI60-08.02916,2007,0.7910000000000003,2.7102000000000004,-1.9192000000000002
RGI60-08.02916,2008,-0.2824000000000005,2.6365999999999996,-2.919
RGI60-08.02916,2009,-0.4195999999999999,2.2317,-2.6512999999999995
RGI60-08.02916,2010,-1.9043999999999999,1.2535,-3.1579
RGI60-08.02916,2011,-0.9211,1.8018,-2.7229
RGI60-08.02916,2012,0.8910000000000003,2.6181,-1.7270999999999999
RGI60-08.02916,2013,-0.7373999999999997,1.7983000000000002,-2.5357
RGI60-08.02916,2014,-0.8925000000000001,2.3723,-3.2648
RGI60-08.02916,2015,0.9406999999999999,2.3533,-1.4126
RGI60-08.02916,2016,-0.29269999999999985,2.4981,-2.7908
RGI60-08.02916,2017,0.06300000000000006,2.3298,-2.2668
RGI60-08.02916,2018,-1.0163000000000002,2.3305,-3.3468
RGI60-08.02916,2019,-0.9388000000000001,1.8031000000000001,-2.7419
RGI60-08.02963,1980,-1.8617,1.5942000000000003,-3.4559
RGI60-08.02963,1981,0.7423,2.9595000000000002,-2.2172
RGI60-08.02963,1982,-0.0922,2.0947,-2.1869
RGI60-08.02963,1983,1.1404999999999994,3.1035,-1.963
RGI60-08.02963,1984,0.45869999999999966,2.953,-2.4943
RGI60-08.02963,1985,0.1819000000000003,2.0420000000000003,-1.8600999999999999
RGI60-08.02963,1986,0.4179,1.6482999999999999,-1.2304
RGI60-08.02963,1987,0.9748999999999998,2.4686,-1.4936999999999998
RGI60-08.02963,1988,-1.2673,1.8493,-3.1166
RGI60-08.02963,1989,1.6976000000000002,3.4888,-1.7912000000000001
RGI60-08.02963,1990,1.7959000000000003,3.9442,-2.1483000000000003
RGI60-08.02963,1991,-0.23660000000000042,1.9872999999999998,-2.2239
RGI60-08.02963,1992,0.7504999999999998,3.0199000000000003,-2.2694
RGI60-08.02963,1993,1.2214000000000003,3.1808,-1.9594
RGI60-08.02963,1994,0.10829999999999973,2.2714,-2.1631
RGI60-08.02963,1995,0.27880000000000027,2.8055000000000003,-2.5267
RGI60-08.02963,1996,-1.3946,1.2831000000000001,-2.6777
RGI60-08.02963,1997,-0.10880000000000006,2.9055,-3.0143
RGI60-08.02963,1998,0.11550000000000005,2.3866,-2.2711
RGI60-08.02963,1999,-0.10200000000000031,2.5713999999999997,-2.6734
RGI60-08.02963,2000,0.912299999999999,3.3442999999999996,-2.432
RGI60-08.02963,2001,-1.7928000000000002,1.1797,-2.9725
RGI60-08.02963,2002,-1.7433999999999998,2.105,-3.8484
RGI60-08.02963,2003,-1.6055,1.5026,-3.1080999999999994
RGI60-08.02963,2004,-0.7694,1.9026,-2.6719999999999997
RGI60-08.02963,2005,0.7491000000000002,2.9643,-2.2152
RGI60-08.02963,2006,-2.6677999999999997,1.6655000000000002,-4.3332999999999995
RGI60-08.02963,2007,0.9666000000000002,2.9419000000000004,-1.9753000000000003
RGI60-08.02963,2008,-0.12680000000000013,2.8737999999999997,-3.0006
RGI60-08.02963,2009,-0.2952,2.4525,-2.7477
RGI60-08.02963,2010,-1.6872000000000003,1.3773,-3.0645
RGI60-08.02963,2011,-0.8097000000000003,1.9751,-2.7847999999999997
RGI60-08.02963,2012,1.0889000000000002,2.8814,-1.7925
RGI60-08.02963,2013,-0.6469000000000001,1.9597999999999998,-2.6067
RGI60-08.02963,2014,-0.7371999999999999,2.607,-3.3442
RGI60-08.02963,2015,1.1423,2.5940000000000003,-1.4517
RGI60-08.02963,2016,-0.15320000000000045,2.7274999999999996,-2.8807
RGI60-08.02963,2017,0.2126,2.5501,-2.3375
RGI60-08.02963,2018,-0.8571,2.5391,-3.3962
RGI60-08.02963,2019,-0.7261999999999998,1.9744000000000002,-2.7006
RGI60-08.02920,1980,-2.0970999999999997,1.6315000000000002,-3.7286
RGI60-08.02920,1981,0.6401999999999997,3.0482,-2.408
RGI60-08.02920,1982,-0.3220999999999999,2.1517,-2.4737999999999998
RGI60-08.02920,1983,0.9463000000000003,3.1157000000000004,-2.1694
RGI60-08.02920,1984,0.31130000000000024,3.0210000000000004,-2.7096999999999998
RGI60-08.02920,1985,-0.07670000000000005,2.0568,-2.1334999999999997
RGI60-08.02920,1986,0.13259999999999983,1.5700999999999998,-1.4375
RGI60-08.02920,1987,0.7919000000000003,2.5121,-1.7202
RGI60-08.02920,1988,-1.5334,1.8432,-3.3766
RGI60-08.02920,1989,1.6376999999999997,3.5775999999999994,-1.9398999999999997
RGI60-08.02920,1990,1.6704999999999994,4.0463,-2.3758
RGI60-08.02920,1991,-0.42539999999999994,2.0318,-2.4572
RGI60-08.02920,1992,0.6086000000000003,3.0862000000000003,-2.4776000000000002
RGI60-08.02920,1993,1.1339999999999986,3.272099999999999,-2.1381
RGI60-08.02920,1994,-0.09230000000000038,2.3266999999999998,-2.4190000000000005
RGI60-08.02920,1995,0.19589999999999996,2.8735,-2.6776
RGI60-08.02920,1996,-1.7669999999999997,1.1765,-2.9435000000000002
RGI60-08.02920,1997,-0.2472000000000003,2.9217,-3.1689
RGI60-08.02920,1998,-0.04100000000000059,2.4436999999999998,-2.4847
RGI60-08.02920,1999,-0.2622,2.6064,-2.8686
RGI60-08.02920,2000,0.7769000000000001,3.4025,-2.6256000000000004
RGI60-08.02920,2001,-2.2553,1.1058999999999999,-3.3612
RGI60-08.02920,2002,-2.0579,2.0100000000000002,-4.0679
RGI60-08.02920,2003,-1.8893,1.5203,-3.4096
RGI60-08.02920,2004,-1.0615999999999999,1.9343000000000001,-2.9959
RGI60-08.02920,2005,0.6555000000000002,3.0205,-2.365
RGI60-08.02920,2006,-3.1030999999999995,1.6203000000000003,-4.7234
RGI60-08.02920,2007,0.6861999999999993,2.9155999999999995,-2.2294
RGI60-08.02920,2008,-0.30329999999999946,2.8987000000000003,-3.202
RGI60-08.02920,2009,-0.6337999999999996,2.4515000000000002,-3.0852999999999997
RGI60-08.02920,2010,-2.0538,1.3832,-3.437
RGI60-08.02920,2011,-1.2832000000000003,1.9508,-3.234
RGI60-08.02920,2012,0.8477,2.894,-2.0463
RGI60-08.02920,2013,-0.974,2.0077,-2.9817
RGI60-08.02920,2014,-1.0516000000000003,2.5404999999999998,-3.5921000000000003
RGI60-08.02920,2015,0.8738000000000001,2.498,-1.6242
RGI60-08.02920,2016,-0.3593000000000002,2.7524,-3.1117
RGI60-08.02920,2017,0.024799999999999933,2.5679000000000003,-2.5431
RGI60-08.02920,2018,-1.1233,2.5397000000000003,-3.663
RGI60-08.02920,2019,-1.0047000000000004,1.9788999999999999,-2.9836
RGI60-08.02918,1980,-1.8432999999999997,1.8351000000000002,-3.6784
RGI60-08.02918,1981,0.9794000000000007,3.4197,-2.4403
RGI60-08.02918,1982,-0.03330000000000022,2.4166,-2.4499
RGI60-08.02918,1983,1.3265999999999998,3.5223,-2.1957
RGI60-08.02918,1984,0.6626000000000002,3.3926000000000003,-2.73
RGI60-08.02918,1985,0.13849999999999996,2.2974,-2.1589
RGI60-08.02918,1986,0.3448000000000001,1.768,-1.4232000000000002
RGI60-08.02918,1987,1.0806999999999995,2.8143,-1.7336
RGI60-08.02918,1988,-1.3138999999999998,2.0543,-3.3682
RGI60-08.02918,1989,2.0537999999999994,4.0181,-1.9643000000000002
RGI60-08.02918,1990,2.1362000000000005,4.5375000000000005,-2.4013
RGI60-08.02918,1991,-0.16819999999999957,2.2834000000000003,-2.4516000000000004
RGI60-08.02918,1992,0.9764999999999997,3.4743999999999997,-2.4979
RGI60-08.02918,1993,1.4906000000000004,3.6693000000000002,-2.1787
RGI60-08.02918,1994,0.19080000000000052,2.6170000000000004,-2.4261999999999997
RGI60-08.02918,1995,0.5297999999999997,3.2291999999999996,-2.6994
RGI60-08.02918,1996,-1.6259000000000001,1.3066999999999998,-2.9326
RGI60-08.02918,1997,0.08969999999999995,3.2752,-3.1854999999999998
RGI60-08.02918,1998,0.23669999999999958,2.7447999999999997,-2.5081
RGI60-08.02918,1999,0.04659999999999964,2.9408999999999996,-2.8943
RGI60-08.02918,2000,1.1811999999999996,3.836,-2.6548000000000003
RGI60-08.02918,2001,-1.9917000000000002,1.2820999999999998,-3.2738000000000005
RGI60-08.02918,2002,-1.6442999999999999,2.3304,-3.9747000000000003
RGI60-08.02918,2003,-1.5954000000000004,1.7214999999999998,-3.3169000000000004
RGI60-08.02918,2004,-0.8009000000000001,2.1718,-2.9727
RGI60-08.02918,2005,1.0250000000000001,3.4163,-2.3912999999999998
RGI60-08.02918,2006,-2.6902,1.8497000000000001,-4.5399
RGI60-08.02918,2007,1.1070000000000007,3.3476000000000004,-2.2405999999999997
RGI60-08.02918,2008,0.010700000000000154,3.2477,-3.2369999999999997
RGI60-08.02918,2009,-0.30179999999999974,2.7671,-3.0689
RGI60-08.02918,2010,-1.7555,1.5649,-3.3204
RGI60-08.02918,2011,-1.025,2.1975,-3.2225
RGI60-08.02918,2012,1.1800000000000004,3.2458,-2.0658
RGI60-08.02918,2013,-0.6760999999999997,2.253,-2.9291
RGI60-08.02918,2014,-0.6330000000000001,2.9164999999999996,-3.5495
RGI60-08.02918,2015,1.2987999999999997,2.908,-1.6092
RGI60-08.02918,2016,-0.04110000000000058,3.0897999999999994,-3.1309
RGI60-08.02918,2017,0.35200000000000053,2.9117,-2.5597
RGI60-08.02918,2018,-0.8042000000000001,2.8459,-3.6501
RGI60-08.02918,2019,-0.7060000000000002,2.2459,-2.9519
RGI60-08.02969,1980,-1.7250999999999999,1.6337,-3.3588
RGI60-08.02969,1981,0.8388999999999998,3.0317999999999996,-2.1929
RGI60-08.02969,1982,-0.008199999999999874,2.1442,-2.1524
RGI60-08.02969,1983,1.2261000000000002,3.1719,-1.9458000000000002
RGI60-08.02969,1984,0.5609000000000004,3.0256000000000003,-2.4647
RGI60-08.02969,1985,0.2117,2.0847,-1.8730000000000002
RGI60-08.02969,1986,0.4308,1.6601,-1.2293
RGI60-08.02969,1987,1.0462999999999993,2.5256999999999996,-1.4794
RGI60-08.02969,1988,-1.1921,1.8819000000000001,-3.0740000000000003
RGI60-08.02969,1989,1.8041999999999998,3.5714,-1.7671999999999999
RGI60-08.02969,1990,1.9121999999999997,4.0394,-2.1271999999999998
RGI60-08.02969,1991,-0.14619999999999983,2.0357000000000003,-2.1818999999999997
RGI60-08.02969,1992,0.8556999999999995,3.0942999999999996,-2.2386
RGI60-08.02969,1993,1.3126000000000002,3.2557,-1.9431
RGI60-08.02969,1994,0.18889999999999968,2.3287,-2.1397999999999997
RGI60-08.02969,1995,0.38289999999999996,2.8705999999999996,-2.4877000000000002
RGI60-08.02969,1996,-1.3558,1.2786,-2.6344
RGI60-08.02969,1997,0.0009000000000002895,2.964,-2.9631
RGI60-08.02969,1998,0.1890000000000004,2.4426,-2.2536
RGI60-08.02969,1999,-0.026100000000000345,2.6279,-2.654
RGI60-08.02969,2000,1.0251,3.4247,-2.3996000000000004
RGI60-08.02969,2001,-1.7258999999999998,1.2032,-2.9290999999999996
RGI60-08.02969,2002,-1.5866999999999998,2.1591,-3.7458
RGI60-08.02969,2003,-1.4919999999999995,1.5398000000000003,-3.0317999999999996
RGI60-08.02969,2004,-0.6686000000000002,1.95,-2.6186
RGI60-08.02969,2005,0.8845000000000001,3.0633000000000004,-2.1788
RGI60-08.02969,2006,-2.5673000000000004,1.698,-4.2653
RGI60-08.02969,2007,1.072,3.0243,-1.9523000000000001
RGI60-08.02969,2008,-0.032600000000000184,2.9349,-2.9675000000000002
RGI60-08.02969,2009,-0.23870000000000002,2.5051,-2.7438000000000002
RGI60-08.02969,2010,-1.5944,1.4089,-3.0033000000000003
RGI60-08.02969,2011,-0.7822999999999999,2.0153,-2.7976
RGI60-08.02969,2012,1.2003999999999995,2.9755999999999996,-1.7752
RGI60-08.02969,2013,-0.6169,2.0039,-2.6208
RGI60-08.02969,2014,-0.5956000000000004,2.6952999999999996,-3.2909
RGI60-08.02969,2015,1.2731999999999999,2.6991,-1.4259
RGI60-08.02969,2016,-0.0815999999999999,2.7854,-2.867
RGI60-08.02969,2017,0.3021999999999999,2.6099,-2.3077
RGI60-08.02969,2018,-0.7502999999999996,2.5864000000000003,-3.3366999999999996
RGI60-08.02969,2019,-0.6336000000000002,2.027,-2.6606
RGI60-08.02017,1980,-1.6943,2.0341,-3.7284
RGI60-08.02017,1981,0.8826999999999997,3.3983,-2.5156
RGI60-08.02017,1982,-0.17199999999999954,2.3134,-2.4854
RGI60-08.02017,1983,1.1508,3.3807,-2.2298999999999998
RGI60-08.02017,1984,0.7477,3.4817,-2.734
RGI60-08.02017,1985,0.34689999999999993,2.5255,-2.1786
RGI60-08.02017,1986,0.21959999999999968,1.7428999999999997,-1.5233000000000003
RGI60-08.02017,1987,1.1862,3.1247,-1.9385
RGI60-08.02017,1988,-1.7399,1.8997,-3.6395999999999997
RGI60-08.02017,1989,2.2783999999999995,4.242999999999999,-1.9646000000000001
RGI60-08.02017,1990,2.329900000000001,4.8569,-2.527
RGI60-08.02017,1991,-0.08980000000000032,2.2717,-2.3615
RGI60-08.02017,1992,1.0704000000000002,3.5780000000000003,-2.5076
RGI60-08.02017,1993,1.5083000000000002,3.7463,-2.238
RGI60-08.02017,1994,-0.09049999999999986,2.4044000000000003,-2.4949000000000003
RGI60-08.02017,1995,0.7421000000000002,3.3422,-2.6001000000000003
RGI60-08.02017,1996,-1.4068,1.6354000000000002,-3.0422000000000002
RGI60-08.02017,1997,0.2937000000000001,3.5024,-3.2086999999999994
RGI60-08.02017,1998,0.38219999999999965,2.8901999999999997,-2.508
RGI60-08.02017,1999,0.15790000000000004,3.0116,-2.8537000000000003
RGI60-08.02017,2000,1.1549000000000003,3.9747000000000003,-2.8198
RGI60-08.02017,2001,-2.4032,0.9471,-3.3503000000000003
RGI60-08.02017,2002,-2.0330999999999997,2.355,-4.3881
RGI60-08.02017,2003,-1.7506999999999997,1.7614,-3.5120999999999998
RGI60-08.02017,2004,-1.0813999999999993,2.3241000000000005,-3.4055
RGI60-08.02017,2005,0.6604000000000005,3.2837000000000005,-2.6233
RGI60-08.02017,2006,-3.1712,1.9034,-5.0746
RGI60-08.02017,2007,1.0244999999999997,3.4835,-2.459
RGI60-08.02017,2008,-0.5733,3.0019,-3.5752
RGI60-08.02017,2009,-0.3907999999999996,2.8893,-3.2801
RGI60-08.02017,2010,-2.1323999999999996,1.5545,-3.6868999999999996
RGI60-08.02017,2011,-1.0993,2.4955,-3.5948
RGI60-08.02017,2012,1.1094000000000002,3.431,-2.3215999999999997
RGI60-08.02017,2013,-1.5208999999999997,2.0754,-3.5963
RGI60-08.02017,2014,-1.4118,2.7658,-4.1776
RGI60-08.02017,2015,0.8092000000000005,3.0033000000000003,-2.1941
RGI60-08.02017,2016,-0.5765000000000001,2.9878,-3.5643
RGI60-08.02017,2017,0.28390000000000015,3.2341,-2.9501999999999997
RGI60-08.02017,2018,-1.6268,2.6177,-4.2445
RGI60-08.02017,2019,-0.9694999999999996,2.3138,-3.2833
RGI60-08.00434,1980,-1.7791000000000003,1.6582999999999997,-3.4374000000000002
RGI60-08.00434,1981,0.6827000000000001,2.8633,-2.1806
RGI60-08.00434,1982,0.17709999999999998,1.9766,-1.7994999999999999
RGI60-08.00434,1983,0.8790999999999999,2.759,-1.8799
RGI60-08.00434,1984,0.6310999999999996,2.9167,-2.2856
RGI60-08.00434,1985,0.14789999999999975,1.9829999999999999,-1.8351000000000002
RGI60-08.00434,1986,0.24029999999999968,1.5398999999999998,-1.2995999999999999
RGI60-08.00434,1987,1.0295999999999996,2.5174,-1.4877999999999998
RGI60-08.00434,1988,-1.718,1.5956,-3.3136
RGI60-08.00434,1989,1.9243000000000001,3.6139,-1.6896
RGI60-08.00434,1990,1.9679000000000002,4.0697,-2.1018
RGI60-08.00434,1991,0.12639999999999996,1.8802999999999999,-1.7538999999999998
RGI60-08.00434,1992,0.6254000000000007,2.9855000000000005,-2.3601
RGI60-08.00434,1993,1.4329999999999994,3.1045,-1.6715
RGI60-08.00434,1994,-0.1994999999999995,1.9039000000000001,-2.1033999999999997
RGI60-08.00434,1995,0.4376999999999999,2.8165,-2.3788
RGI60-08.00434,1996,-1.3316999999999999,1.3287,-2.6604
RGI60-08.00434,1997,0.20759999999999978,2.8851,-2.6774999999999998
RGI60-08.00434,1998,0.13849999999999996,2.4185,-2.2800000000000002
RGI60-08.00434,1999,-0.45750000000000046,2.3266999999999998,-2.7842000000000002
RGI60-08.00434,2000,1.1213999999999997,3.2943,-2.1729
RGI60-08.00434,2001,-2.1254999999999997,0.8741000000000001,-2.9996
RGI60-08.00434,2002,-1.8015999999999996,2.1579,-3.9595000000000002
RGI60-08.00434,2003,-1.5689000000000002,1.4611999999999998,-3.0301
RGI60-08.00434,2004,-0.8337999999999998,1.8875000000000002,-2.7213000000000003
RGI60-08.00434,2005,0.4628999999999996,2.7493999999999996,-2.2865
RGI60-08.00434,2006,-2.5082,1.6554,-4.163600000000001
RGI60-08.00434,2007,1.1044,2.9516,-1.8472000000000002
RGI60-08.00434,2008,-0.6451,2.5210999999999997,-3.1662
RGI60-08.00434,2009,-0.49860000000000054,2.3517999999999994,-2.8504
RGI60-08.00434,2010,-1.7969999999999997,1.2800000000000002,-3.077
RGI60-08.00434,2011,-1.1396000000000002,2.0271,-3.1666999999999996
RGI60-08.00434,2012,1.3247000000000002,2.9053000000000004,-1.5806
RGI60-08.00434,2013,-1.5281000000000002,1.6766999999999999,-3.2048
RGI60-08.00434,2014,-1.3642,2.2813,-3.6454999999999997
RGI60-08.00434,2015,0.6482999999999995,2.6297999999999995,-1.9815
RGI60-08.00434,2016,-0.8740999999999999,2.3055,-3.1795999999999998
RGI60-08.00434,2017,0.1460999999999999,2.7182,-2.5721
RGI60-08.00434,2018,-1.5716,2.0374,-3.609
RGI60-08.00434,2019,-0.5299999999999997,2.0419,-2.5719
RGI60-08.01126,1980,-1.4102999999999999,1.4988,-2.9091
RGI60-08.01126,1981,0.7434000000000003,2.5566,-1.8132
RGI60-08.01126,1982,0.4383000000000003,1.7739,-1.3356
RGI60-08.01126,1983,1.0192999999999997,2.5238,-1.5045
RGI60-08.01126,1984,0.73,2.6321,-1.9021000000000001
RGI60-08.01126,1985,0.4483999999999997,1.8230999999999997,-1.3747
RGI60-08.01126,1986,0.588,1.4517,-0.8637000000000001
RGI60-08.01126,1987,1.1497000000000002,2.2912000000000003,-1.1415
RGI60-08.01126,1988,-1.2433,1.4870999999999999,-2.7304000000000004
RGI60-08.01126,1989,1.826,3.2393,-1.4133
RGI60-08.01126,1990,1.8291000000000006,3.6402,-1.8111
RGI60-08.01126,1991,0.3498,1.705,-1.3552
RGI60-08.01126,1992,0.7406000000000004,2.683,-1.9424
RGI60-08.01126,1993,1.3996,2.7669,-1.3673
RGI60-08.01126,1994,0.09249999999999997,1.7161,-1.6236
RGI60-08.01126,1995,0.5119999999999997,2.5191,-2.0071
RGI60-08.01126,1996,-0.7303,1.332,-2.0623
RGI60-08.01126,1997,0.3544999999999998,2.6242,-2.2697
RGI60-08.01126,1998,0.3236,2.1709,-1.8473000000000002
RGI60-08.01126,1999,-0.14880000000000027,2.1216,-2.2703999999999995
RGI60-08.01126,2000,1.1951999999999998,2.9709999999999996,-1.7758
RGI60-08.01126,2001,-1.5311,0.8844000000000001,-2.4155
RGI60-08.01126,2002,-1.3097,2.0526,-3.3623000000000003
RGI60-08.01126,2003,-1.1435,1.3394000000000001,-2.4829
RGI60-08.01126,2004,-0.38009999999999977,1.737,-2.1170999999999998
RGI60-08.01126,2005,0.5935999999999999,2.5119000000000002,-1.9183
RGI60-08.01126,2006,-2.1054,1.5996000000000001,-3.705
RGI60-08.01126,2007,1.2365999999999997,2.719,-1.4823999999999997
RGI60-08.01126,2008,-0.28749999999999976,2.3467000000000002,-2.6342
RGI60-08.01126,2009,-0.10919999999999946,2.1545000000000005,-2.2637
RGI60-08.01126,2010,-1.3716,1.1602,-2.5317999999999996
RGI60-08.01126,2011,-0.5865,1.9147,-2.5012
RGI60-08.01126,2012,1.5286000000000004,2.7355,-1.2068999999999999
RGI60-08.01126,2013,-1.134,1.5149,-2.6489
RGI60-08.01126,2014,-0.9209000000000004,2.1582999999999997,-3.0792
RGI60-08.01126,2015,0.8349999999999993,2.4810999999999996,-1.6461000000000001
RGI60-08.01126,2016,-0.4884999999999997,2.1614000000000004,-2.6499
RGI60-08.01126,2017,0.30890000000000034,2.4464,-2.1374999999999997
RGI60-08.01126,2018,-1.1347000000000003,1.9187999999999998,-3.0534999999999997
RGI60-08.01126,2019,-0.11580000000000028,1.8721999999999999,-1.988
RGI60-08.01779,1980,-1.5895000000000001,1.1602000000000001,-2.7497000000000003
RGI60-08.01779,1981,0.3414000000000002,1.981,-1.6396
RGI60-08.01779,1982,-0.056699999999999945,1.3479,-1.4045999999999998
RGI60-08.01779,1983,0.8838000000000003,2.0787,-1.1948999999999999
RGI60-08.01779,1984,0.3100999999999998,1.9428999999999998,-1.6328
RGI60-08.01779,1985,0.19729999999999992,1.455,-1.2577000000000003
RGI60-08.01779,1986,-0.008799999999999975,1.0398,-1.0486
RGI60-08.01779,1987,0.9524000000000002,1.6853000000000002,-0.7329
RGI60-08.01779,1988,-1.3032,1.3395000000000001,-2.6427
RGI60-08.01779,1989,1.1238000000000001,2.4400999999999997,-1.3163
RGI60-08.01779,1990,1.0954,2.6707,-1.5753
RGI60-08.01779,1991,-0.2078999999999997,1.2460000000000002,-1.4539
RGI60-08.01779,1992,0.4185000000000006,2.0284000000000004,-1.6099
RGI60-08.01779,1993,0.8833,2.1188,-1.2355
RGI60-08.01779,1994,0.07679999999999991,1.4174,-1.3406
RGI60-08.01779,1995,0.03229999999999994,1.8532,-1.8209
RGI60-08.01779,1996,-0.9987,0.9234,-1.9221
RGI60-08.01779,1997,-0.2886,1.9134,-2.2019999999999995
RGI60-08.01779,1998,0.2563999999999999,1.8331,-1.5767
RGI60-08.01779,1999,-0.5133999999999999,1.6614000000000002,-2.1748
RGI60-08.01779,2000,0.49740000000000006,2.1581,-1.6607
RGI60-08.01779,2001,-1.0997000000000001,1.0979999999999999,-2.1976999999999998
RGI60-08.01779,2002,-1.5678,1.6278,-3.1955999999999998
RGI60-08.01779,2003,-1.2182,1.0192999999999999,-2.2375
RGI60-08.01779,2004,-0.579,1.299,-1.8780000000000001
RGI60-08.01779,2005,0.2224,1.9523000000000001,-1.7299
RGI60-08.01779,2006,-2.3575,1.2355999999999998,-3.5930999999999997
RGI60-08.01779,2007,0.7633999999999999,2.2032,-1.4398
RGI60-08.01779,2008,-0.2612000000000001,1.8656,-2.1268
RGI60-08.01779,2009,-0.5005,1.6216,-2.1221
RGI60-08.01779,2010,-1.3983999999999999,1.0204,-2.4188
RGI60-08.01779,2011,-1.1385,1.3553,-2.4938
RGI60-08.01779,2012,0.8310000000000001,2.0509,-1.2198999999999998
RGI60-08.01779,2013,-0.8682000000000001,1.1945,-2.0627
RGI60-08.01779,2014,-0.9659,1.7554,-2.7213000000000003
RGI60-08.01779,2015,0.6930000000000006,1.8705000000000003,-1.1775
RGI60-08.01779,2016,-0.6758999999999998,1.6629,-2.3388
RGI60-08.01779,2017,-0.028699999999999892,1.7534,-1.7821
RGI60-08.01779,2018,-1.5503,1.6923,-3.2426000000000004
RGI60-08.01779,2019,-0.3853999999999997,1.4371,-1.8224999999999998
RGI60-08.01186,1980,-2.0663999999999993,1.4378000000000004,-3.5042
RGI60-08.01186,1981,0.29480000000000006,2.418,-2.1232
RGI60-08.01186,1982,0.05389999999999978,1.6684999999999999,-1.6146
RGI60-08.01186,1983,0.5176999999999994,2.3768999999999996,-1.8592
RGI60-08.01186,1984,0.3792,2.5431999999999997,-2.164
RGI60-08.01186,1985,0.3281999999999998,1.8006999999999997,-1.4725
RGI60-08.01186,1986,0.2973,1.3561,-1.0588
RGI60-08.01186,1987,0.8603000000000003,2.1918,-1.3315
RGI60-08.01186,1988,-1.8684000000000003,1.4166999999999998,-3.2851
RGI60-08.01186,1989,1.3774999999999997,3.1235000000000004,-1.7460000000000002
RGI60-08.01186,1990,1.4839,3.5294,-2.0454999999999997
RGI60-08.01186,1991,-0.05010000000000023,1.6206999999999998,-1.6708
RGI60-08.01186,1992,0.2988,2.5299,-2.2311
RGI60-08.01186,1993,1.0193999999999999,2.6457,-1.6263
RGI60-08.01186,1994,-0.23280000000000017,1.6344999999999998,-1.8673
RGI60-08.01186,1995,0.18360000000000004,2.3775,-2.1938999999999997
RGI60-08.01186,1996,-0.9994000000000002,1.2918999999999998,-2.2912999999999997
RGI60-08.01186,1997,-0.19410000000000038,2.4917,-2.6858000000000004
RGI60-08.01186,1998,0.01619999999999988,2.0465,-2.0303
RGI60-08.01186,1999,-0.5975,2.0082,-2.6057
RGI60-08.01186,2000,0.6100000000000002,2.8135000000000003,-2.2035
RGI60-08.01186,2001,-2.1773000000000002,0.9193,-3.0966000000000005
RGI60-08.01186,2002,-2.1267,1.9169999999999998,-4.043699999999999
RGI60-08.01186,2003,-1.8401,1.2791,-3.1192
RGI60-08.01186,2004,-0.8487000000000002,1.6159,-2.4646
RGI60-08.01186,2005,0.2407999999999998,2.3617999999999997,-2.121
RGI60-08.01186,2006,-3.1283000000000003,1.4424,-4.5707
RGI60-08.01186,2007,0.8871000000000007,2.6011,-1.714
RGI60-08.01186,2008,-0.6585999999999996,2.2447000000000004,-2.9032999999999998
RGI60-08.01186,2009,-0.6012000000000002,2.0364,-2.6376
RGI60-08.01186,2010,-2.1994,1.1296,-3.3289999999999997
RGI60-08.01186,2011,-1.0613000000000001,1.8141,-2.8754
RGI60-08.01186,2012,1.2035000000000002,2.6476,-1.4441
RGI60-08.01186,2013,-1.8718,1.4719999999999998,-3.3438
RGI60-08.01186,2014,-1.3951,2.1092,-3.5043
RGI60-08.01186,2015,0.3760999999999995,2.2564999999999995,-1.8804
RGI60-08.01186,2016,-0.9782000000000001,2.0554,-3.0336
RGI60-08.01186,2017,0.03639999999999988,2.3085999999999998,-2.2721999999999998
RGI60-08.01186,2018,-2.0493,1.8296,-3.8789000000000002
RGI60-08.01186,2019,-0.4101,1.8175,-2.2276
RGI60-08.01217,1980,-1.805,1.2735,-3.0785
RGI60-08.01217,1981,0.3165000000000002,2.1275,-1.811
RGI60-08.01217,1982,0.1312999999999999,1.4707,-1.3394000000000001
RGI60-08.01217,1983,0.6093999999999997,2.1193,-1.5098999999999998
RGI60-08.01217,1984,0.4245000000000003,2.2519,-1.8274000000000001
RGI60-08.01217,1985,0.35759999999999975,1.5918999999999999,-1.2343
RGI60-08.01217,1986,0.34240000000000026,1.2025000000000001,-0.8600999999999998
RGI60-08.01217,1987,0.8501999999999996,1.9435999999999998,-1.0934
RGI60-08.01217,1988,-1.6298000000000001,1.2536999999999998,-2.8835
RGI60-08.01217,1989,1.3066,2.7579,-1.4513
RGI60-08.01217,1990,1.3405000000000002,3.1115,-1.7710000000000001
RGI60-08.01217,1991,0.024699999999999944,1.4345999999999999,-1.4099
RGI60-08.01217,1992,0.35099999999999926,2.2323999999999997,-1.8814
RGI60-08.01217,1993,1.0196999999999998,2.3308,-1.3111
RGI60-08.01217,1994,-0.13540000000000002,1.4442,-1.5796
RGI60-08.01217,1995,0.16319999999999962,2.094,-1.9307999999999998
RGI60-08.01217,1996,-0.8536999999999997,1.1548,-2.0084999999999997
RGI60-08.01217,1997,-0.13030000000000017,2.2089,-2.3392
RGI60-08.01217,1998,0.03420000000000001,1.8063,-1.7721
RGI60-08.01217,1999,-0.6054000000000002,1.7826,-2.3880000000000003
RGI60-08.01217,2000,0.6922000000000001,2.4926000000000004,-1.8004
RGI60-08.01217,2001,-1.8377,0.841,-2.6787
RGI60-08.01217,2002,-1.8810000000000002,1.7334,-3.6144
RGI60-08.01217,2003,-1.5919,1.1385,-2.7303999999999995
RGI60-08.01217,2004,-0.6716000000000002,1.4335999999999998,-2.1052
RGI60-08.01217,2005,0.23820000000000002,2.1078,-1.8696000000000002
RGI60-08.01217,2006,-2.8237000000000005,1.3074,-4.1311
RGI60-08.01217,2007,0.8301999999999999,2.33,-1.4998
RGI60-08.01217,2008,-0.5649,1.9873,-2.5522
RGI60-08.01217,2009,-0.42220000000000013,1.821,-2.2432
RGI60-08.01217,2010,-1.9009,1.0004,-2.9013
RGI60-08.01217,2011,-0.8170999999999999,1.631,-2.4481
RGI60-08.01217,2012,1.1470999999999998,2.3563,-1.2091999999999998
RGI60-08.01217,2013,-1.4859,1.299,-2.7848999999999995
RGI60-08.01217,2014,-1.2197000000000002,1.8924999999999998,-3.1122
RGI60-08.01217,2015,0.4302000000000003,2.0518,-1.6216
RGI60-08.01217,2016,-0.8463000000000002,1.8422,-2.6885000000000003
RGI60-08.01217,2017,0.06850000000000006,2.0439,-1.9754
RGI60-08.01217,2018,-1.6901,1.6292,-3.3192999999999997
RGI60-08.01217,2019,-0.3169999999999999,1.625,-1.942
RGI60-08.01286,1980,-1.9287999999999998,1.5194,-3.4482
RGI60-08.01286,1981,0.4762999999999999,2.5494,-2.0731
RGI60-08.01286,1982,0.2692000000000003,1.7602000000000002,-1.4909999999999997
RGI60-08.01286,1983,0.7428,2.5259,-1.7831000000000001
RGI60-08.01286,1984,0.5777999999999995,2.6885999999999997,-2.1108000000000002
RGI60-08.01286,1985,0.5141999999999998,1.906,-1.3918000000000001
RGI60-08.01286,1986,0.469,1.4366,-0.9676
RGI60-08.01286,1987,1.0487000000000002,2.3178,-1.2691
RGI60-08.01286,1988,-1.6749999999999998,1.5017,-3.1767
RGI60-08.01286,1989,1.6097000000000001,3.2974,-1.6877
RGI60-08.01286,1990,1.7370000000000003,3.7241999999999997,-1.9871999999999999
RGI60-08.01286,1991,0.1533000000000001,1.7136,-1.5603000000000002
RGI60-08.01286,1992,0.5058,2.6706,-2.1648
RGI60-08.01286,1993,1.2209999999999996,2.7914,-1.5704
RGI60-08.01286,1994,-0.026499999999999968,1.726,-1.7525
RGI60-08.01286,1995,0.36210000000000003,2.508,-2.1459
RGI60-08.01286,1996,-0.8274000000000001,1.3875,-2.2149
RGI60-08.01286,1997,0.08849999999999977,2.6435,-2.5550000000000006
RGI60-08.01286,1998,0.18559999999999988,2.1612,-1.9756
RGI60-08.01286,1999,-0.3311999999999995,2.1327000000000003,-2.4638999999999998
RGI60-08.01286,2000,0.8201000000000002,2.9754,-2.1553
RGI60-08.01286,2001,-1.8850999999999996,0.9941,-2.8792
RGI60-08.01286,2002,-1.6855000000000002,2.0595999999999997,-3.7451000000000003
RGI60-08.01286,2003,-1.5417,1.353,-2.8947
RGI60-08.01286,2004,-0.6482000000000001,1.7111999999999998,-2.3594
RGI60-08.01286,2005,0.4359999999999998,2.5063999999999997,-2.0704
RGI60-08.01286,2006,-2.7366,1.5713000000000001,-4.3079
RGI60-08.01286,2007,1.1439999999999995,2.7674999999999996,-1.6235
RGI60-08.01286,2008,-0.3643000000000003,2.3789,-2.7432
RGI60-08.01286,2009,-0.31750000000000034,2.1708,-2.4882999999999997
RGI60-08.01286,2010,-1.9472,1.194,-3.1412
RGI60-08.01286,2011,-0.7699999999999998,1.9330000000000003,-2.703
RGI60-08.01286,2012,1.4432,2.8084000000000002,-1.3652
RGI60-08.01286,2013,-1.5503000000000005,1.5534999999999997,-3.1037999999999997
RGI60-08.01286,2014,-1.0915,2.2507,-3.3422
RGI60-08.01286,2015,0.5910999999999997,2.4203,-1.8292
RGI60-08.01286,2016,-0.6123999999999999,2.197,-2.8093999999999997
RGI60-08.01286,2017,0.22160000000000052,2.4422000000000006,-2.2205999999999997
RGI60-08.01286,2018,-1.8081,1.9574000000000003,-3.7655000000000003
RGI60-08.01286,2019,-0.18169999999999958,1.9299000000000002,-2.1115999999999997
RGI60-08.00868,1980,-1.0306,0.9215,-1.9521
RGI60-08.00868,1981,0.39780000000000015,1.5036,-1.1058
RGI60-08.00868,1982,0.29699999999999976,1.1822,-0.8852
RGI60-08.00868,1983,1.0704,1.6229,-0.5525
RGI60-08.00868,1984,0.7105000000000001,1.6311,-0.9206000000000001
RGI60-08.00868,1985,0.8106,1.3599999999999999,-0.5493999999999999
RGI60-08.00868,1986,0.2957999999999999,0.8976,-0.6017999999999999
RGI60-08.00868,1987,1.0112999999999999,1.4167999999999998,-0.40549999999999997
RGI60-08.00868,1988,-0.27390000000000014,1.4327999999999999,-1.7066999999999999
RGI60-08.00868,1989,0.8771999999999996,1.9832999999999998,-1.1060999999999999
RGI60-08.00868,1990,0.9368,2.1925,-1.2557
RGI60-08.00868,1991,0.22369999999999995,1.1046,-0.8809
RGI60-08.00868,1992,0.48260000000000025,1.5668000000000002,-1.0842
RGI60-08.00868,1993,0.8739,1.5895000000000001,-0.7156
RGI60-08.00868,1994,0.177,1.153,-0.976
RGI60-08.00868,1995,0.4737999999999999,1.6317,-1.1579000000000002
RGI60-08.00868,1996,-0.37570000000000014,0.8283999999999999,-1.2041
RGI60-08.00868,1997,-0.10530000000000005,1.4958,-1.6011
RGI60-08.00868,1998,0.40879999999999994,1.5599,-1.1511
RGI60-08.00868,1999,-0.24109999999999998,1.3408,-1.5819
RGI60-08.00868,2000,0.7926000000000001,1.6764999999999999,-0.8839
RGI60-08.00868,2001,0.18319999999999992,1.5386,-1.3554
RGI60-08.00868,2002,-0.7570000000000001,1.4199,-2.1769000000000003
RGI60-08.00868,2003,-0.6254999999999998,0.8994000000000002,-1.5249
RGI60-08.00868,2004,-0.16469999999999982,1.1166,-1.2812999999999999
RGI60-08.00868,2005,0.5103999999999999,1.5984999999999998,-1.0880999999999998
RGI60-08.00868,2006,-1.4676,1.2199,-2.6875
RGI60-08.00868,2007,0.6190999999999999,1.7952,-1.1761
RGI60-08.00868,2008,0.3213000000000001,1.6621,-1.3408
RGI60-08.00868,2009,-0.11519999999999997,1.3929,-1.5080999999999998
RGI60-08.00868,2010,-0.6591,0.9941000000000001,-1.6532
RGI60-08.00868,2011,0.5710999999999999,1.1929999999999998,-0.6219000000000001
RGI60-08.00868,2012,1.0049000000000001,1.6786,-0.6737000000000001
RGI60-08.00868,2013,-0.0779999999999998,1.0877000000000001,-1.1657000000000002
RGI60-08.00868,2014,-0.2946,1.7145000000000001,-2.0091
RGI60-08.00868,2015,0.7234999999999997,1.5913,-0.8678
RGI60-08.00868,2016,-0.7576,1.2984,-2.056
RGI60-08.00868,2017,0.28000000000000014,1.3366,-1.0566
RGI60-08.00868,2018,-0.8567,1.4150999999999998,-2.2718000000000003
RGI60-08.00868,2019,0.028899999999999898,1.304,-1.2751000000000001
RGI60-08.00449,1980,-1.4973,0.7266,-2.2239
RGI60-08.00449,1981,-0.14619999999999975,1.1866,-1.3328
RGI60-08.00449,1982,-0.2649999999999998,0.9314,-1.1963999999999997
RGI60-08.00449,1983,0.5014000000000002,1.2766000000000002,-0.7752
RGI60-08.00449,1984,0.1808999999999999,1.2835999999999999,-1.1027000000000002
RGI60-08.00449,1985,0.3355,1.0688,-0.7333
RGI60-08.00449,1986,-0.12960000000000008,0.6988,-0.8284
RGI60-08.00449,1987,0.5808000000000002,1.1184,-0.5376
RGI60-08.00449,1988,-0.9884000000000002,1.1156,-2.104
RGI60-08.00449,1989,0.34499999999999975,1.5650999999999997,-1.2201
RGI60-08.00449,1990,0.3706999999999997,1.7279999999999998,-1.3573
RGI60-08.00449,1991,-0.4057999999999998,0.8616,-1.2674
RGI60-08.00449,1992,-0.10869999999999984,1.237,-1.3457
RGI60-08.00449,1993,0.43520000000000014,1.2552,-0.82
RGI60-08.00449,1994,-0.3602,0.9084,-1.2686
RGI60-08.00449,1995,-0.1448999999999999,1.2878,-1.4326999999999999
RGI60-08.00449,1996,-1.0141,0.6297,-1.6438
RGI60-08.00449,1997,-0.8326999999999999,1.1687,-2.0014
RGI60-08.00449,1998,-0.02749999999999997,1.2307000000000001,-1.2582
RGI60-08.00449,1999,-1.0086,1.056,-2.0646000000000004
RGI60-08.00449,2000,0.1924999999999999,1.3242,-1.1317000000000002
RGI60-08.00449,2001,-0.45040000000000013,1.1769999999999998,-1.6274
RGI60-08.00449,2002,-1.6608999999999998,1.0692000000000002,-2.7300999999999997
RGI60-08.00449,2003,-1.2631000000000001,0.7109,-1.974
RGI60-08.00449,2004,-0.6690999999999999,0.8766,-1.5456999999999999
RGI60-08.00449,2005,-0.09630000000000019,1.2491999999999999,-1.3455000000000001
RGI60-08.00449,2006,-2.3747,0.9165000000000001,-3.2912
RGI60-08.00449,2007,-0.0014000000000000817,1.3934,-1.3948
RGI60-08.00449,2008,-0.3237999999999999,1.2863,-1.6100999999999999
RGI60-08.00449,2009,-0.7192000000000002,1.0958999999999999,-1.8151000000000002
RGI60-08.00449,2010,-1.2839,0.783,-2.0669
RGI60-08.00449,2011,-0.02270000000000007,0.9262999999999999,-0.949
RGI60-08.00449,2012,0.4411000000000004,1.3065000000000002,-0.8654
RGI60-08.00449,2013,-0.7217,0.8576,-1.5793
RGI60-08.00449,2014,-1.0776,1.3171,-2.3947000000000003
RGI60-08.00449,2015,0.18759999999999982,1.2308,-1.0432000000000001
RGI60-08.00449,2016,-1.4954,0.9888,-2.4842
RGI60-08.00449,2017,-0.2795999999999999,1.0436,-1.3232
RGI60-08.00449,2018,-1.5467000000000002,1.1042999999999998,-2.651
RGI60-08.00449,2019,-0.6547999999999998,1.0130000000000001,-1.6678000000000002
RGI60-08.00987,1980,-1.0121,0.6651,-1.6772
RGI60-08.00987,1981,0.36609999999999987,1.0860999999999998,-0.72
RGI60-08.00987,1982,0.04890000000000011,0.8531000000000001,-0.8042
RGI60-08.00987,1983,0.7003999999999999,1.1709,-0.47050000000000003
RGI60-08.00987,1984,0.4615000000000003,1.1768,-0.7152999999999999
RGI60-08.00987,1985,0.6077999999999998,0.9819,-0.3741
RGI60-08.00987,1986,0.2932,0.6584,-0.36519999999999997
RGI60-08.00987,1987,0.8987000000000002,1.0225,-0.12380000000000001
RGI60-08.00987,1988,-0.47530000000000006,1.0423,-1.5176
RGI60-08.00987,1989,0.6274999999999997,1.4316999999999998,-0.8042
RGI60-08.00987,1990,0.4919000000000001,1.5827,-1.0907999999999998
RGI60-08.00987,1991,-0.1352,0.7986000000000001,-0.9338000000000001
RGI60-08.00987,1992,0.35859999999999975,1.1315999999999997,-0.773
RGI60-08.00987,1993,0.7892999999999999,1.1469,-0.35760000000000003
RGI60-08.00987,1994,-0.20419999999999996,0.8321000000000001,-1.0363000000000002
RGI60-08.00987,1995,0.12780000000000002,1.1785,-1.0507
RGI60-08.00987,1996,-0.5665999999999999,0.6042000000000001,-1.1708
RGI60-08.00987,1997,-0.5502999999999999,1.0845,-1.6347999999999998
RGI60-08.00987,1998,0.44540000000000013,1.1261,-0.6807
RGI60-08.00987,1999,-0.49549999999999994,0.9591000000000001,-1.4546000000000001
RGI60-08.00987,2000,0.5576,1.2112,-0.6536
RGI60-08.00987,2001,0.07260000000000018,1.1211000000000002,-1.0485
RGI60-08.00987,2002,-1.2237,1.0302,-2.2539
RGI60-08.00987,2003,-0.8663999999999998,0.6493,-1.5156999999999998
RGI60-08.00987,2004,-0.1524000000000001,0.7961999999999999,-0.9486000000000001
RGI60-08.00987,2005,0.25149999999999995,1.1476,-0.8961000000000001
RGI60-08.00987,2006,-2.0224,0.8838,-2.9062
RGI60-08.00987,2007,0.24300000000000016,1.3152000000000001,-1.0722
RGI60-08.00987,2008,0.10530000000000013,1.2099000000000002,-1.1046
RGI60-08.00987,2009,-0.34299999999999997,1.0030000000000001,-1.3459999999999999
RGI60-08.00987,2010,-0.9056000000000001,0.7179,-1.6235
RGI60-08.00987,2011,0.43940000000000007,0.8605,-0.42110000000000003
RGI60-08.00987,2012,0.6874,1.2177,-0.5303
RGI60-08.00987,2013,-0.19369999999999998,0.7866,-0.9803
RGI60-08.00987,2014,-0.7037,1.2466000000000002,-1.9503
RGI60-08.00987,2015,0.5615000000000002,1.1640000000000001,-0.6024999999999999
RGI60-08.00987,2016,-1.0661999999999998,0.9464,-2.0126
RGI60-08.00987,2017,0.2954000000000001,0.9682000000000001,-0.6728
RGI60-08.00987,2018,-1.0050000000000001,1.0227,-2.0277
RGI60-08.00987,2019,-0.4150000000000001,0.9314999999999999,-1.3465
RGI60-08.01013,1980,-1.417,0.642,-2.059
RGI60-08.01013,1981,-0.05499999999999999,1.0504,-1.1054
RGI60-08.01013,1982,-0.28109999999999985,0.8244000000000001,-1.1055
RGI60-08.01013,1983,0.4514000000000001,1.1324,-0.681
RGI60-08.01013,1984,0.2003000000000001,1.1391,-0.9388000000000001
RGI60-08.01013,1985,0.3548999999999999,0.9499999999999998,-0.5951
RGI60-08.01013,1986,-0.0875,0.6249,-0.7124
RGI60-08.01013,1987,0.5704,0.9891,-0.41869999999999996
RGI60-08.01013,1988,-0.8815,0.9963,-1.8778000000000001
RGI60-08.01013,1989,0.3167000000000003,1.3853000000000002,-1.0686
RGI60-08.01013,1990,0.28780000000000006,1.5317,-1.2439000000000002
RGI60-08.01013,1991,-0.4008,0.7681,-1.1689
RGI60-08.01013,1992,-0.07919999999999994,1.0953,-1.1745
RGI60-08.01013,1993,0.4493999999999997,1.1087999999999998,-0.6594
RGI60-08.01013,1994,-0.41999999999999993,0.8041,-1.2241
RGI60-08.01013,1995,-0.11710000000000008,1.1402999999999999,-1.2573999999999999
RGI60-08.01013,1996,-0.9941000000000001,0.5652,-1.5593
RGI60-08.01013,1997,-0.9186999999999999,1.0414,-1.9601
RGI60-08.01013,1998,0.007600000000000107,1.0895000000000001,-1.0819
RGI60-08.01013,1999,-0.9483999999999999,0.9314000000000001,-1.8798
RGI60-08.01013,2000,0.22219999999999984,1.1696,-0.9474
RGI60-08.01013,2001,-0.3932999999999999,1.0485,-1.4417999999999997
RGI60-08.01013,2002,-1.6794999999999998,0.9596000000000001,-2.6391
RGI60-08.01013,2003,-1.1766999999999999,0.6266,-1.8033000000000001
RGI60-08.01013,2004,-0.5976000000000001,0.7732,-1.3708
RGI60-08.01013,2005,-0.050299999999999956,1.1123,-1.1626
RGI60-08.01013,2006,-2.3172999999999995,0.8170000000000001,-3.1342999999999996
RGI60-08.01013,2007,-0.019200000000000203,1.2445,-1.2637
RGI60-08.01013,2008,-0.29130000000000017,1.1488999999999998,-1.4402
RGI60-08.01013,2009,-0.7215000000000001,0.9725999999999999,-1.6941000000000002
RGI60-08.01013,2010,-1.2172999999999998,0.6935,-1.9107999999999998
RGI60-08.01013,2011,0.02400000000000002,0.8318000000000001,-0.8078
RGI60-08.01013,2012,0.41160000000000013,1.1644,-0.7528
RGI60-08.01013,2013,-0.6725999999999999,0.7600000000000001,-1.4326
RGI60-08.01013,2014,-1.0834000000000001,1.1771,-2.2605
RGI60-08.01013,2015,0.2039999999999997,1.1004999999999998,-0.8965
RGI60-08.01013,2016,-1.4707000000000001,0.8821999999999999,-2.3529
RGI60-08.01013,2017,-0.1976999999999999,0.9301,-1.1278
RGI60-08.01013,2018,-1.3809999999999998,0.9833000000000001,-2.3643
RGI60-08.01013,2019,-0.7162,0.9029,-1.6191000000000002
RGI60-08.00966,1980,-1.256,0.7991,-2.0551
RGI60-08.00966,1981,0.10299999999999976,1.3060999999999998,-1.2031
RGI60-08.00966,1982,0.0061999999999998445,1.026,-1.0198000000000003
RGI60-08.00966,1983,0.7374999999999999,1.4087,-0.6712000000000001
RGI60-08.00966,1984,0.42190000000000005,1.4173,-0.9954
RGI60-08.00966,1985,0.5404999999999999,1.1804000000000001,-0.6399
RGI60-08.00966,1986,0.03530000000000008,0.7710000000000001,-0.7357
RGI60-08.00966,1987,0.7463000000000002,1.2309,-0.4846
RGI60-08.00966,1988,-0.6961999999999999,1.2408,-1.9369999999999998
RGI60-08.00966,1989,0.5687999999999998,1.7230999999999999,-1.1543
RGI60-08.00966,1990,0.5965999999999999,1.9046,-1.308
RGI60-08.00966,1991,-0.10629999999999991,0.9561999999999999,-1.0625
RGI60-08.00966,1992,0.1634999999999998,1.3614,-1.1979
RGI60-08.00966,1993,0.6141,1.3798,-0.7656999999999999
RGI60-08.00966,1994,-0.09600000000000021,1.0005,-1.0965
RGI60-08.00966,1995,0.12369999999999998,1.4174,-1.2937
RGI60-08.00966,1996,-0.7528,0.7071000000000001,-1.4599000000000002
RGI60-08.00966,1997,-0.4585999999999998,1.2936,-1.7522000000000002
RGI60-08.00966,1998,0.16960000000000014,1.3548,-1.1852
RGI60-08.00966,1999,-0.777,1.1652999999999998,-1.9423
RGI60-08.00966,2000,0.4491000000000001,1.4556,-1.0065
RGI60-08.00966,2001,-0.16479999999999984,1.3192000000000002,-1.484
RGI60-08.00966,2002,-1.2696999999999998,1.1949,-2.4646
RGI60-08.00966,2003,-1.1297000000000001,0.7810999999999999,-1.9108
RGI60-08.00966,2004,-0.4249000000000001,0.9683999999999999,-1.3933
RGI60-08.00966,2005,0.17650000000000027,1.3861,-1.2096
RGI60-08.00966,2006,-2.2488,1.0322,-3.281
RGI60-08.00966,2007,0.2802999999999999,1.5451,-1.2648000000000001
RGI60-08.00966,2008,-0.018100000000000102,1.435,-1.4531
RGI60-08.00966,2009,-0.46899999999999986,1.2105000000000001,-1.6795
RGI60-08.00966,2010,-1.1768,0.8627999999999999,-2.0396
RGI60-08.00966,2011,0.22280000000000016,1.0335,-0.8107000000000001
RGI60-08.00966,2012,0.6616000000000001,1.4485000000000001,-0.7868999999999999
RGI60-08.00966,2013,-0.46,0.9445,-1.4044999999999999
RGI60-08.00966,2014,-0.7988000000000003,1.4634999999999998,-2.2622999999999998
RGI60-08.00966,2015,0.41300000000000026,1.3655,-0.9524999999999999
RGI60-08.00966,2016,-1.2056999999999998,1.1127,-2.3184
RGI60-08.00966,2017,-0.0442000000000001,1.1554,-1.1995999999999998
RGI60-08.00966,2018,-1.2589000000000001,1.2221,-2.481
RGI60-08.00966,2019,-0.31730000000000014,1.1278,-1.4451
RGI60-08.00295,1980,-1.6783,2.2245000000000004,-3.9028
RGI60-08.00295,1981,0.45400000000000007,2.7693,-2.3152999999999997
RGI60-08.00295,1982,1.1379,2.7946,-1.6566999999999998
RGI60-08.00295,1983,0.17900000000000027,2.6006000000000005,-2.4215999999999998
RGI60-08.00295,1984,0.5933999999999997,3.1336999999999997,-2.5403000000000002
RGI60-08.00295,1985,-1.1591,1.7785,-2.9375999999999998
RGI60-08.00295,1986,-0.023800000000000418,2.4509,-2.4747
RGI60-08.00295,1987,0.5623,2.6567000000000003,-2.0944000000000003
RGI60-08.00295,1988,-2.0199,1.8524000000000003,-3.8723
RGI60-08.00295,1989,2.6196,4.373600000000001,-1.754
RGI60-08.00295,1990,1.055899999999999,3.7428999999999997,-2.687
RGI60-08.00295,1991,1.1043,3.0113,-1.907
RGI60-08.00295,1992,1.5341999999999998,3.9188,-2.3846000000000003
RGI60-08.00295,1993,1.5955999999999997,3.7261999999999995,-2.1306
RGI60-08.00295,1994,-0.37450000000000006,1.8879,-2.2624
RGI60-08.00295,1995,1.5719999999999994,3.4248999999999996,-1.8529
RGI60-08.00295,1996,0.38800000000000034,2.8656,-2.4776
RGI60-08.00295,1997,1.1288000000000005,4.0520000000000005,-2.9232
RGI60-08.00295,1998,0.10089999999999999,2.5457,-2.4448000000000003
RGI60-08.00295,1999,0.21899999999999953,2.3577999999999997,-2.1388000000000003
RGI60-08.00295,2000,1.1246999999999998,3.3445,-2.2197999999999998
RGI60-08.00295,2001,-1.5806999999999998,1.2910000000000001,-2.8717
RGI60-08.00295,2002,-0.7848000000000004,3.0820999999999996,-3.8669000000000002
RGI60-08.00295,2003,-0.6789000000000002,2.4556999999999998,-3.1346
RGI60-08.00295,2004,-0.09139999999999993,2.5501,-2.6415
RGI60-08.00295,2005,0.5149999999999999,2.8282,-2.3132
RGI60-08.00295,2006,-2.0887000000000002,1.9832,-4.0719
RGI60-08.00295,2007,0.7174000000000005,3.3564000000000003,-2.639
RGI60-08.00295,2008,-0.4595,2.5471,-3.0066
RGI60-08.00295,2009,-0.7608000000000004,2.67,-3.4308000000000005
RGI60-08.00295,2010,-1.1886999999999996,1.7724000000000002,-2.9611
RGI60-08.00295,2011,-0.29570000000000063,3.2017999999999995,-3.4974999999999996
RGI60-08.00295,2012,1.0153000000000003,3.0273000000000003,-2.012
RGI60-08.00295,2013,-1.7201,2.0241000000000002,-3.7442
RGI60-08.00295,2014,-0.39249999999999996,3.1997,-3.5922000000000005
RGI60-08.00295,2015,0.5534000000000002,3.1290999999999998,-2.5757
RGI60-08.00295,2016,-0.27249999999999985,2.809,-3.0815
RGI60-08.00295,2017,0.8502999999999994,3.5896999999999997,-2.7394000000000003
RGI60-08.00295,2018,-2.0178000000000003,1.9069999999999998,-3.9248000000000003
RGI60-08.00295,2019,0.5127999999999999,3.2815,-2.7687
RGI60-08.01598,1980,-2.1228999999999996,1.8083,-3.9311999999999996
RGI60-08.01598,1981,0.2758000000000002,2.353,-2.0772
RGI60-08.01598,1982,0.9435000000000002,2.3551,-1.4116
RGI60-08.01598,1983,-0.15389999999999981,2.1249000000000002,-2.2788
RGI60-08.01598,1984,0.35969999999999963,2.5912999999999995,-2.2316
RGI60-08.01598,1985,-1.1766999999999999,1.5009000000000001,-2.6776
RGI60-08.01598,1986,-0.13300000000000023,2.1776999999999997,-2.3106999999999998
RGI60-08.01598,1987,0.3056999999999997,2.1517999999999997,-1.8461
RGI60-08.01598,1988,-2.3002000000000002,1.4689,-3.7691
RGI60-08.01598,1989,1.9124999999999992,3.5787,-1.6662
RGI60-08.01598,1990,0.5421,3.0508,-2.5087
RGI60-08.01598,1991,0.9587,2.6141,-1.6554
RGI60-08.01598,1992,1.0034,3.2368,-2.2334
RGI60-08.01598,1993,1.1144999999999998,3.021,-1.9065
RGI60-08.01598,1994,-0.5393000000000001,1.5125,-2.0518
RGI60-08.01598,1995,1.1614999999999995,2.8607999999999993,-1.6992999999999998
RGI60-08.01598,1996,0.09380000000000016,2.4089,-2.3151
RGI60-08.01598,1997,0.5252,3.2469,-2.7217000000000002
RGI60-08.01598,1998,-0.2512000000000003,2.1521,-2.4032999999999998
RGI60-08.01598,1999,-0.16329999999999972,1.9165000000000003,-2.0798
RGI60-08.01598,2000,0.7202000000000002,2.7018,-1.9815999999999998
RGI60-08.01598,2001,-1.8255,0.9823,-2.8078000000000003
RGI60-08.01598,2002,-1.1507,2.5367999999999995,-3.6875
RGI60-08.01598,2003,-0.9621000000000005,2.0254,-2.9875000000000003
RGI60-08.01598,2004,-0.38349999999999973,2.1289000000000002,-2.5124
RGI60-08.01598,2005,0.12040000000000023,2.2995,-2.1791
RGI60-08.01598,2006,-2.2691,1.5393999999999999,-3.8085
RGI60-08.01598,2007,0.3971,2.7500999999999998,-2.353
RGI60-08.01598,2008,-0.6170999999999999,2.0712,-2.6883000000000004
RGI60-08.01598,2009,-1.1561000000000003,2.0799,-3.236
RGI60-08.01598,2010,-1.3743,1.4758,-2.8501
RGI60-08.01598,2011,-0.8125999999999997,2.6621,-3.4747000000000003
RGI60-08.01598,2012,0.4938,2.3509,-1.8571
RGI60-08.01598,2013,-1.9268,1.7248999999999999,-3.6517
RGI60-08.01598,2014,-0.7759000000000001,2.6438,-3.4197
RGI60-08.01598,2015,0.2379,2.4498,-2.2119
RGI60-08.01598,2016,-0.6677999999999998,2.1764,-2.8442
RGI60-08.01598,2017,0.4620000000000001,2.9939,-2.5319
RGI60-08.01598,2018,-2.524,1.4987,-4.0227
RGI60-08.01598,2019,0.07920000000000021,2.6946000000000003,-2.6153999999999997
RGI60-08.00287,1980,-1.4937,1.8094,-3.3031
RGI60-08.00287,1981,0.6177999999999997,2.3479,-1.7301000000000002
RGI60-08.00287,1982,1.3036999999999999,2.3516,-1.0479
RGI60-08.00287,1983,0.16909999999999992,2.1367,-1.9676
RGI60-08.00287,1984,0.7346000000000008,2.5958000000000006,-1.8612000000000002
RGI60-08.00287,1985,-0.7075,1.5094,-2.2169000000000003
RGI60-08.00287,1986,0.3086000000000003,2.1966,-1.8880000000000003
RGI60-08.00287,1987,0.5771999999999998,2.17,-1.5928
RGI60-08.00287,1988,-1.4479,1.5937999999999999,-3.0417
RGI60-08.00287,1989,2.2104,3.5797,-1.3693
RGI60-08.00287,1990,0.7763999999999998,3.0448999999999997,-2.2685
RGI60-08.00287,1991,1.2968,2.6216999999999997,-1.3248999999999997
RGI60-08.00287,1992,1.2651000000000001,3.2323000000000004,-1.9672000000000003
RGI60-08.00287,1993,1.4260000000000002,3.0044000000000004,-1.5784
RGI60-08.00287,1994,-0.20259999999999997,1.5106,-1.7131999999999998
RGI60-08.00287,1995,1.4082,2.8497,-1.4415
RGI60-08.00287,1996,0.3796000000000003,2.4076,-2.028
RGI60-08.00287,1997,0.7473,3.2464,-2.4991
RGI60-08.00287,1998,-0.012800000000000034,2.1452,-2.158
RGI60-08.00287,1999,0.10460000000000003,1.9262000000000001,-1.8215999999999999
RGI60-08.00287,2000,1.0835000000000001,2.7403,-1.6568
RGI60-08.00287,2001,-1.3201,1.076,-2.3961
RGI60-08.00287,2002,-0.6312000000000001,2.6076,-3.2388000000000003
RGI60-08.00287,2003,-0.5555000000000002,2.0162,-2.5717
RGI60-08.00287,2004,-0.11010000000000025,2.1216999999999997,-2.2318000000000002
RGI60-08.00287,2005,0.42339999999999983,2.3322999999999996,-1.9089
RGI60-08.00287,2006,-1.6060000000000003,1.7182,-3.3242000000000003
RGI60-08.00287,2007,0.7533999999999997,2.7736,-2.0202
RGI60-08.00287,2008,-0.1405999999999999,2.2017,-2.3423
RGI60-08.00287,2009,-0.5690000000000004,2.1525999999999996,-2.7216
RGI60-08.00287,2010,-0.8870000000000001,1.4835999999999998,-2.3706
RGI60-08.00287,2011,-0.347,2.7005,-3.0475000000000003
RGI60-08.00287,2012,0.9400000000000002,2.5495,-1.6095000000000002
RGI60-08.00287,2013,-1.3529,1.7285,-3.0814
RGI60-08.00287,2014,-0.3391000000000002,2.6887,-3.0278
RGI60-08.00287,2015,0.6418999999999991,2.5119999999999996,-1.8700999999999999
RGI60-08.00287,2016,-0.3009999999999998,2.2208,-2.5218
RGI60-08.00287,2017,0.7322999999999998,3.0371999999999995,-2.3049
RGI60-08.00287,2018,-1.871,1.5259,-3.3969
RGI60-08.00287,2019,0.3643000000000001,2.7098000000000004,-2.3455
RGI60-08.01657,1980,-1.4463000000000004,1.8628,-3.3091
RGI60-08.01657,1981,0.6390000000000001,2.4306,-1.7915999999999999
RGI60-08.01657,1982,1.3286000000000002,2.4306,-1.1019999999999999
RGI60-08.01657,1983,0.16300000000000003,2.1862,-2.0231999999999997
RGI60-08.01657,1984,0.7431999999999996,2.6766,-1.9333999999999998
RGI60-08.01657,1985,-0.6810000000000002,1.5512,-2.2321999999999997
RGI60-08.01657,1986,0.2908999999999997,2.2388,-1.9479000000000002
RGI60-08.01657,1987,0.5429000000000002,2.2192000000000003,-1.6763
RGI60-08.01657,1988,-1.3372000000000002,1.6675,-3.0047
RGI60-08.01657,1989,2.3035999999999994,3.699,-1.3954
RGI60-08.01657,1990,0.7893,3.1384,-2.3491
RGI60-08.01657,1991,1.3029000000000004,2.6901,-1.3872
RGI60-08.01657,1992,1.3033,3.3314,-2.0281000000000002
RGI60-08.01657,1993,1.4982999999999997,3.1186,-1.6203
RGI60-08.01657,1994,-0.24030000000000026,1.5492,-1.7895
RGI60-08.01657,1995,1.4521000000000002,2.9486000000000003,-1.4964999999999997
RGI60-08.01657,1996,0.3602999999999996,2.4608999999999996,-2.1006
RGI60-08.01657,1997,0.7718000000000005,3.3462,-2.5744
RGI60-08.01657,1998,0.003999999999999948,2.218,-2.214
RGI60-08.01657,1999,0.08739999999999992,1.9834999999999998,-1.8961000000000001
RGI60-08.01657,2000,1.0861999999999994,2.8072999999999997,-1.7210999999999999
RGI60-08.01657,2001,-1.2915,1.1011,-2.3926
RGI60-08.01657,2002,-0.5985000000000003,2.6862999999999997,-3.2848
RGI60-08.01657,2003,-0.4917999999999999,2.0873999999999997,-2.5791999999999997
RGI60-08.01657,2004,-0.11550000000000044,2.1853999999999996,-2.3009
RGI60-08.01657,2005,0.4663999999999999,2.3996999999999997,-1.9333
RGI60-08.01657,2006,-1.5725999999999998,1.7789000000000001,-3.3514999999999997
RGI60-08.01657,2007,0.7259999999999999,2.83,-2.104
RGI60-08.01657,2008,-0.12769999999999998,2.2675,-2.3952000000000004
RGI60-08.01657,2009,-0.5730000000000002,2.2036,-2.7766
RGI60-08.01657,2010,-0.8996999999999998,1.5192,-2.4189
RGI60-08.01657,2011,-0.3517999999999999,2.7602,-3.112
RGI60-08.01657,2012,0.9436999999999998,2.6170999999999998,-1.6733999999999998
RGI60-08.01657,2013,-1.3071000000000002,1.7752999999999999,-3.0824000000000003
RGI60-08.01657,2014,-0.3267999999999998,2.7533,-3.0801
RGI60-08.01657,2015,0.6323999999999999,2.5835999999999997,-1.9512
RGI60-08.01657,2016,-0.3064,2.2717,-2.5781
RGI60-08.01657,2017,0.7621,3.1402,-2.3781
RGI60-08.01657,2018,-1.8619999999999997,1.5637000000000003,-3.4257
RGI60-08.01657,2019,0.34509999999999996,2.7728,-2.4277
RGI60-08.01484,1980,-2.064,1.5828,-3.6468
RGI60-08.01484,1981,0.24550000000000022,2.1554,-1.9099000000000002
RGI60-08.01484,1982,1.1105999999999998,2.0967000000000002,-0.9861000000000001
RGI60-08.01484,1983,0.03429999999999983,1.9618999999999998,-1.9276
RGI60-08.01484,1984,0.4536,2.432,-1.9784000000000002
RGI60-08.01484,1985,-1.0748000000000002,1.3294,-2.4042
RGI60-08.01484,1986,0.048799999999999816,1.978,-1.9292000000000002
RGI60-08.01484,1987,0.476,2.0406,-1.5646
RGI60-08.01484,1988,-1.5242999999999998,1.5909000000000002,-3.1151999999999997
RGI60-08.01484,1989,1.91,3.3823,-1.4723
RGI60-08.01484,1990,0.6224000000000001,2.9159,-2.2935
RGI60-08.01484,1991,1.0294999999999996,2.3939999999999997,-1.3645
RGI60-08.01484,1992,1.086,3.0367,-1.9507
RGI60-08.01484,1993,1.4339,3.013,-1.5791
RGI60-08.01484,1994,-0.5068000000000001,1.3714999999999997,-1.8783
RGI60-08.01484,1995,1.1159,2.6330999999999998,-1.5172
RGI60-08.01484,1996,0.10800000000000004,2.1673,-2.0593
RGI60-08.01484,1997,0.6588,3.1899,-2.5311000000000003
RGI60-08.01484,1998,-0.10309999999999975,2.0293,-2.1324
RGI60-08.01484,1999,-0.2040999999999999,1.6995,-1.9036
RGI60-08.01484,2000,0.7835999999999997,2.5928999999999998,-1.8093
RGI60-08.01484,2001,-1.4057000000000004,1.0627,-2.4684
RGI60-08.01484,2002,-0.692,2.5701,-3.2620999999999998
RGI60-08.01484,2003,-0.8012000000000001,1.8868,-2.6879999999999997
RGI60-08.01484,2004,-0.26160000000000055,1.9762999999999997,-2.2379
RGI60-08.01484,2005,0.17610000000000042,2.1962,-2.0201000000000002
RGI60-08.01484,2006,-1.7937,1.6946999999999999,-3.4884000000000004
RGI60-08.01484,2007,0.7909000000000005,2.6656000000000004,-1.8746999999999998
RGI60-08.01484,2008,-0.22420000000000034,2.0604999999999998,-2.2847
RGI60-08.01484,2009,-0.6898000000000001,1.9809999999999999,-2.6708
RGI60-08.01484,2010,-1.2389999999999999,1.3144,-2.5534
RGI60-08.01484,2011,-0.6382999999999998,2.4484000000000004,-3.0866999999999996
RGI60-08.01484,2012,0.7984999999999999,2.4797000000000002,-1.6812
RGI60-08.01484,2013,-1.9531,1.5513,-3.5044
RGI60-08.01484,2014,-0.4148999999999995,2.5826000000000002,-2.9974999999999996
RGI60-08.01484,2015,0.36760000000000004,2.4093,-2.0416999999999996
RGI60-08.01484,2016,-0.35690000000000044,2.1367,-2.4936
RGI60-08.01484,2017,0.6140000000000001,2.8541,-2.2401
RGI60-08.01484,2018,-2.3133999999999997,1.4013,-3.7146999999999997
RGI60-08.01484,2019,0.26270000000000027,2.6195,-2.3568000000000002
RGI60-08.02384,1980,-1.9331999999999998,1.0875000000000001,-3.0207
RGI60-08.02384,1981,0.2344000000000002,1.5535,-1.3191
RGI60-08.02384,1982,0.7497999999999999,1.4335,-0.6837
RGI60-08.02384,1983,-0.17290000000000005,1.3941,-1.5669999999999997
RGI60-08.02384,1984,0.05200000000000017,1.6276000000000002,-1.5756
RGI60-08.02384,1985,-1.3131,0.9175,-2.2306
RGI60-08.02384,1986,-0.0122000000000001,1.6203999999999998,-1.6326
RGI60-08.02384,1987,0.08969999999999997,1.3901999999999999,-1.3004999999999998
RGI60-08.02384,1988,-1.6736999999999993,1.1253000000000002,-2.7989999999999995
RGI60-08.02384,1989,0.9388000000000002,2.1616000000000004,-1.2228
RGI60-08.02384,1990,-0.0028999999999999304,1.8814000000000002,-1.8843
RGI60-08.02384,1991,0.4326000000000001,1.7364,-1.3038
RGI60-08.02384,1992,0.4800999999999999,2.1225,-1.6423999999999999
RGI60-08.02384,1993,0.6904000000000001,2.0106,-1.3202
RGI60-08.02384,1994,-0.2636000000000001,1.0632,-1.3268
RGI60-08.02384,1995,0.43800000000000006,1.6422,-1.2042
RGI60-08.02384,1996,-0.08709999999999996,1.6358,-1.7228999999999999
RGI60-08.02384,1997,-0.027899999999999925,2.1656,-2.1935000000000002
RGI60-08.02384,1998,-0.2589999999999999,1.5472000000000001,-1.8062
RGI60-08.02384,1999,-0.5794,1.1857,-1.7651
RGI60-08.02384,2000,0.46770000000000006,1.888,-1.4203
RGI60-08.02384,2001,-1.5788000000000002,0.7887,-2.3674999999999997
RGI60-08.02384,2002,-0.7371999999999999,1.8662,-2.6034
RGI60-08.02384,2003,-0.8042,1.3488,-2.153
RGI60-08.02384,2004,-0.481,1.4471,-1.9280999999999997
RGI60-08.02384,2005,-0.20449999999999977,1.4975,-1.7020000000000002
RGI60-08.02384,2006,-1.5993,1.3446,-2.9439
RGI60-08.02384,2007,0.2316000000000002,1.8618000000000001,-1.6302
RGI60-08.02384,2008,-0.23880000000000007,1.4971,-1.7359000000000002
RGI60-08.02384,2009,-1.1072,1.3448,-2.452
RGI60-08.02384,2010,-0.9071000000000002,1.0934,-2.0004999999999997
RGI60-08.02384,2011,-1.3340999999999998,1.6566,-2.9907000000000004
RGI60-08.02384,2012,0.44920000000000015,1.7758,-1.3266
RGI60-08.02384,2013,-2.4087,1.1089,-3.5176
RGI60-08.02384,2014,-0.9863000000000003,1.7612,-2.7475000000000005
RGI60-08.02384,2015,0.052499999999999936,1.6653,-1.6128
RGI60-08.02384,2016,-1.2670000000000001,1.3981,-2.6651
RGI60-08.02384,2017,0.3824000000000002,2.1457,-1.7633
RGI60-08.02384,2018,-1.9263,1.0057,-2.932
RGI60-08.02384,2019,0.010300000000000531,1.9761000000000004,-1.9658
RGI60-08.01026,1980,-1.3281999999999998,0.9244,-2.2526
RGI60-08.01026,1981,0.46600000000000014,1.2894,-0.8234
RGI60-08.01026,1982,0.8370000000000003,1.1636000000000002,-0.3266
RGI60-08.01026,1983,0.6902999999999998,1.1768999999999998,-0.4865999999999999
RGI60-08.01026,1984,0.3681,1.3114000000000001,-0.9433
RGI60-08.01026,1985,-0.9102,0.7057,-1.6159000000000001
RGI60-08.01026,1986,0.34039999999999987,1.4066999999999998,-1.0663
RGI60-08.01026,1987,0.43010000000000015,1.1022,-0.6720999999999999
RGI60-08.01026,1988,-0.8366,1.0485,-1.8851
RGI60-08.01026,1989,1.235,1.7712,-0.5362
RGI60-08.01026,1990,0.2734000000000001,1.6364,-1.363
RGI60-08.01026,1991,0.35919999999999963,1.3720999999999999,-1.0129000000000001
RGI60-08.01026,1992,0.7156,1.7659,-1.0503
RGI60-08.01026,1993,0.8594999999999999,1.7822,-0.9227
RGI60-08.01026,1994,0.11409999999999969,0.9207999999999998,-0.8067000000000001
RGI60-08.01026,1995,0.5953999999999999,1.3392,-0.7438
RGI60-08.01026,1996,0.2589,1.3951,-1.1361999999999999
RGI60-08.01026,1997,0.1232999999999998,1.7461,-1.6228
RGI60-08.01026,1998,0.12100000000000016,1.1691,-1.0481
RGI60-08.01026,1999,-0.2621999999999999,1.0211000000000001,-1.2833
RGI60-08.01026,2000,0.5811999999999999,1.5641,-0.9829000000000001
RGI60-08.01026,2001,-1.0661,0.7310999999999999,-1.7972000000000001
RGI60-08.01026,2002,-0.09400000000000025,1.6822,-1.7762
RGI60-08.01026,2003,-0.2921,1.1434,-1.4355
RGI60-08.01026,2004,-0.13609999999999994,1.136,-1.2721
RGI60-08.01026,2005,0.3557999999999999,1.2524,-0.8966000000000001
RGI60-08.01026,2006,-0.5838999999999999,1.1715000000000002,-1.7554
RGI60-08.01026,2007,0.30399999999999994,1.4612,-1.1572
RGI60-08.01026,2008,0.13599999999999998,1.1778,-1.0418
RGI60-08.01026,2009,-0.33440000000000003,1.1152000000000002,-1.4496
RGI60-08.01026,2010,-0.17809999999999998,0.7932,-0.9713
RGI60-08.01026,2011,-0.9135000000000001,1.3444,-2.2579
RGI60-08.01026,2012,0.8274,1.394,-0.5665999999999999
RGI60-08.01026,2013,-1.6265999999999998,0.989,-2.6156
RGI60-08.01026,2014,-0.1333000000000002,1.5549,-1.6882
RGI60-08.01026,2015,0.20219999999999977,1.3489,-1.1467
RGI60-08.01026,2016,-0.5424999999999998,1.2382000000000002,-1.7807
RGI60-08.01026,2017,0.37469999999999987,1.5248000000000002,-1.1501
RGI60-08.01026,2018,-0.6768000000000001,0.7009,-1.3777000000000001
RGI60-08.01026,2019,0.2896,1.6691,-1.3795
RGI60-08.02436,1980,-2.278,1.3621,-3.6401
RGI60-08.02436,1981,-0.10930000000000006,1.9272,-2.0365
RGI60-08.02436,1982,0.978,1.7173999999999998,-0.7393999999999998
RGI60-08.02436,1983,-0.15880000000000039,1.7356999999999998,-1.8945000000000003
RGI60-08.02436,1984,-0.2737999999999998,1.9428,-2.2166
RGI60-08.02436,1985,-1.7526,1.0235,-2.7761
RGI60-08.02436,1986,0.09280000000000027,2.0566,-1.9638
RGI60-08.02436,1987,0.06639999999999999,1.5945,-1.5281
RGI60-08.02436,1988,-2.2674000000000003,1.2942,-3.5616000000000003
RGI60-08.02436,1989,1.0091999999999999,2.6076,-1.5984
RGI60-08.02436,1990,0.26419999999999966,2.445,-2.1807999999999996
RGI60-08.02436,1991,0.4530999999999999,2.0336,-1.5805000000000002
RGI60-08.02436,1992,0.6275000000000003,2.6368,-2.0093
RGI60-08.02436,1993,0.9746000000000005,2.6837000000000004,-1.7090999999999998
RGI60-08.02436,1994,-0.37880000000000014,1.3956,-1.7744000000000002
RGI60-08.02436,1995,0.318,1.9938,-1.6758000000000002
RGI60-08.02436,1996,-0.10830000000000006,2.0754,-2.1837
RGI60-08.02436,1997,0.016900000000000193,2.5822000000000003,-2.5653
RGI60-08.02436,1998,-0.3893,1.7465,-2.1357999999999997
RGI60-08.02436,1999,-0.9784999999999999,1.4864000000000002,-2.4649
RGI60-08.02436,2000,0.17280000000000006,2.2817,-2.1088999999999998
RGI60-08.02436,2001,-2.2216,0.9977,-3.2193000000000005
RGI60-08.02436,2002,-0.6589000000000003,2.4486999999999997,-3.1076
RGI60-08.02436,2003,-0.8270000000000001,1.7074999999999998,-2.5345
RGI60-08.02436,2004,-0.9783999999999999,1.6548,-2.6331999999999995
RGI60-08.02436,2005,-0.3964999999999999,1.8124000000000002,-2.2089000000000003
RGI60-08.02436,2006,-1.4308,1.6260999999999999,-3.0568999999999997
RGI60-08.02436,2007,0.10519999999999996,2.1675,-2.0623
RGI60-08.02436,2008,-0.48140000000000016,1.6572,-2.1386000000000003
RGI60-08.02436,2009,-1.5095,1.5953,-3.1048
RGI60-08.02436,2010,-1.4110999999999998,1.1516,-2.5627
RGI60-08.02436,2011,-1.5036000000000005,1.9334999999999998,-3.4371
RGI60-08.02436,2012,0.5084000000000001,1.9906,-1.4822000000000002
RGI60-08.02436,2013,-2.9612,1.4626000000000001,-4.4238
RGI60-08.02436,2014,-0.6478999999999998,2.2777000000000003,-2.9255999999999998
RGI60-08.02436,2015,-0.09789999999999988,1.958,-2.0559
RGI60-08.02436,2016,-1.4103999999999997,1.7871000000000001,-3.1975
RGI60-08.02436,2017,0.2823000000000001,2.2395000000000005,-1.9571999999999998
RGI60-08.02436,2018,-2.7401,1.018,-3.7581
RGI60-08.02436,2019,0.09700000000000025,2.4348,-2.3378
RGI60-08.02458,1980,-1.6603999999999997,0.9090000000000001,-2.5694
RGI60-08.02458,1981,0.18240000000000012,1.2719,-1.0895000000000001
RGI60-08.02458,1982,0.6639999999999999,1.1436,-0.4796
RGI60-08.02458,1983,0.3183,1.1568,-0.8385
RGI60-08.02458,1984,0.07160000000000008,1.2901,-1.2185
RGI60-08.02458,1985,-1.173,0.6890000000000001,-1.862
RGI60-08.02458,1986,0.04930000000000015,1.3808,-1.3315
RGI60-08.02458,1987,0.19519999999999993,1.0769,-0.8817
RGI60-08.02458,1988,-1.3713,0.9825,-2.3537999999999997
RGI60-08.02458,1989,0.9721,1.7404,-0.7683000000000001
RGI60-08.02458,1990,-0.014399999999999802,1.6147,-1.6291
RGI60-08.02458,1991,0.1396,1.3323999999999998,-1.1927999999999999
RGI60-08.02458,1992,0.48169999999999996,1.74,-1.2583
RGI60-08.02458,1993,0.6525000000000003,1.7624000000000002,-1.1098999999999999
RGI60-08.02458,1994,-0.1688999999999999,0.9069,-1.0757999999999999
RGI60-08.02458,1995,0.39960000000000007,1.3198,-0.9202
RGI60-08.02458,1996,-0.028700000000000156,1.3699999999999999,-1.3987
RGI60-08.02458,1997,-0.22650000000000028,1.7091999999999998,-1.9357
RGI60-08.02458,1998,-0.2510000000000001,1.1508999999999998,-1.4019
RGI60-08.02458,1999,-0.7061,0.9965,-1.7026
RGI60-08.02458,2000,0.2452,1.5257,-1.2805
RGI60-08.02458,2001,-1.6435,0.6814,-2.3249
RGI60-08.02458,2002,-0.5121000000000002,1.6409999999999996,-2.1531
RGI60-08.02458,2003,-0.8343999999999999,1.129,-1.9633999999999998
RGI60-08.02458,2004,-0.6351000000000002,1.1147,-1.7498
RGI60-08.02458,2005,-0.045099999999999946,1.2222,-1.2673
RGI60-08.02458,2006,-1.1058999999999999,1.1282,-2.2340999999999998
RGI60-08.02458,2007,0.010199999999999806,1.4397,-1.4295
RGI60-08.02458,2008,-0.2823999999999998,1.1245,-1.4069
RGI60-08.02458,2009,-0.8835999999999998,1.0773000000000001,-1.9608999999999999
RGI60-08.02458,2010,-0.6471,0.7764,-1.4235
RGI60-08.02458,2011,-1.4619,1.3066,-2.7685000000000004
RGI60-08.02458,2012,0.5849999999999997,1.3531,-0.7681000000000001
RGI60-08.02458,2013,-2.1381,0.9707,-3.1088
RGI60-08.02458,2014,-0.5830999999999995,1.5222000000000002,-2.1052999999999997
RGI60-08.02458,2015,-0.08259999999999978,1.316,-1.3986
RGI60-08.02458,2016,-1.0241000000000002,1.1975,-2.2216
RGI60-08.02458,2017,0.13980000000000037,1.4943000000000002,-1.3544999999999998
RGI60-08.02458,2018,-1.3307,0.6723999999999999,-2.0031
RGI60-08.02458,2019,-0.01969999999999994,1.6367,-1.6564
RGI60-08.01258,1980,-0.7437999999999999,1.5469000000000002,-2.2907
RGI60-08.01258,1981,0.42730000000000024,1.9052,-1.4779
RGI60-08.01258,1982,0.9359,1.6612,-0.7253
RGI60-08.01258,1983,-0.30519999999999997,1.8051000000000001,-2.1103
RGI60-08.01258,1984,0.12379999999999974,1.8457999999999999,-1.722
RGI60-08.01258,1985,-1.0895000000000001,1.246,-2.3355
RGI60-08.01258,1986,-0.011500000000000059,1.8111,-1.8225999999999998
RGI60-08.01258,1987,0.2494999999999999,1.5856999999999999,-1.3362
RGI60-08.01258,1988,-1.3516999999999997,1.0359,-2.3876
RGI60-08.01258,1989,0.2770999999999999,2.2709,-1.9937999999999998
RGI60-08.01258,1990,0.1377999999999996,1.9445999999999999,-1.8068
RGI60-08.01258,1991,0.3645999999999998,1.9534999999999998,-1.5889
RGI60-08.01258,1992,0.4302,2.2954,-1.8651999999999997
RGI60-08.01258,1993,0.7870999999999999,2.1969,-1.4098000000000002
RGI60-08.01258,1994,-0.2583999999999998,1.6124,-1.8707999999999998
RGI60-08.01258,1995,0.20069999999999955,1.9494999999999998,-1.7488000000000001
RGI60-08.01258,1996,0.13110000000000022,1.927,-1.7959
RGI60-08.01258,1997,-0.3107000000000001,1.9464,-2.2571
RGI60-08.01258,1998,-0.6877,1.4541,-2.1418
RGI60-08.01258,1999,-1.2588999999999997,1.1880000000000002,-2.4469000000000003
RGI60-08.01258,2000,0.3312000000000001,2.1448,-1.8135999999999999
RGI60-08.01258,2001,-1.2359,1.1754,-2.4113
RGI60-08.01258,2002,-0.5233000000000003,1.9484,-2.4717000000000002
RGI60-08.01258,2003,-0.29150000000000004,1.8583,-2.1498
RGI60-08.01258,2004,-1.3596,1.6077000000000001,-2.9673000000000003
RGI60-08.01258,2005,-0.17729999999999985,1.9035000000000002,-2.0808
RGI60-08.01258,2006,-1.1263999999999996,1.5163000000000002,-2.6426999999999996
RGI60-08.01258,2007,-0.24799999999999978,1.9558000000000002,-2.2037999999999998
RGI60-08.01258,2008,-0.09530000000000005,1.4702000000000002,-1.5655000000000001
RGI60-08.01258,2009,-1.0616999999999996,1.4486,-2.5103
RGI60-08.01258,2010,-0.7587,1.4597,-2.2184
RGI60-08.01258,2011,-1.0034,1.8331,-2.8365
RGI60-08.01258,2012,-0.21869999999999995,1.4532,-1.6719
RGI60-08.01258,2013,-2.0831000000000004,1.6354,-3.7185
RGI60-08.01258,2014,-0.3293,1.9777,-2.307
RGI60-08.01258,2015,-0.8784000000000001,1.467,-2.3454
RGI60-08.01258,2016,-1.7200999999999997,1.4397000000000002,-3.1597999999999997
RGI60-08.01258,2017,-0.1963999999999999,1.6806,-1.8770000000000002
RGI60-08.01258,2018,-1.8513000000000002,1.3354,-3.1867
RGI60-08.01258,2019,0.0833000000000001,1.9309000000000003,-1.8476000000000001
